community,area,purpose,propertyType,url
"Town Square","Town Square","rent","villas","https://www.bayut.com/for-rent/villas/dubai/town-square/"
"Town Square","Town Square","rent","townhouses","https://www.bayut.com/for-rent/townhouses/dubai/town-square/"
"Town Square","Town Square","sale","villas","https://www.bayut.com/for-sale/villas/dubai/town-square/"
"Town Square","Town Square","sale","townhouses","https://www.bayut.com/for-sale/townhouses/dubai/town-square/"
"Town Square","Hayat Townhouses","rent","villas","https://www.bayut.com/for-rent/villas/dubai/town-square/hayat-townhouses/"
"Town Square","Hayat Townhouses","rent","townhouses","https://www.bayut.com/for-rent/townhouses/dubai/town-square/hayat-townhouses/"
"Town Square","Hayat Townhouses","sale","villas","https://www.bayut.com/for-sale/villas/dubai/town-square/hayat-townhouses/"
"Town Square","Hayat Townhouses","sale","townhouses","https://www.bayut.com/for-sale/townhouses/dubai/town-square/hayat-townhouses/"
"Town Square","Kaya","rent","villas","https://www.bayut.com/for-rent/villas/dubai/town-square/kaya/"
"Town Square","Kaya","rent","townhouses","https://www.bayut.com/for-rent/townhouses/dubai/town-square/kaya/"
"Town Square","Kaya","sale","villas","https://www.bayut.com/for-sale/villas/dubai/town-square/kaya/"
"Town Square","Kaya","sale","townhouses","https://www.bayut.com/for-sale/townhouses/dubai/town-square/kaya/"
"Town Square","Maha Townhouses","rent","villas","https://www.bayut.com/for-rent/villas/dubai/town-square/maha-townhouses/"
"Town Square","Maha Townhouses","rent","townhouses","https://www.bayut.com/for-rent/townhouses/dubai/town-square/maha-townhouses/"
"Town Square","Maha Townhouses","sale","villas","https://www.bayut.com/for-sale/villas/dubai/town-square/maha-townhouses/"
"Town Square","Maha Townhouses","sale","townhouses","https://www.bayut.com/for-sale/townhouses/dubai/town-square/maha-townhouses/"
"Town Square","Naseem Townhouses","rent","villas","https://www.bayut.com/for-rent/villas/dubai/town-square/naseem-townhouses/"
"Town Square","Naseem Townhouses","rent","townhouses","https://www.bayut.com/for-rent/townhouses/dubai/town-square/naseem-townhouses/"
"Town Square","Naseem Townhouses","sale","villas","https://www.bayut.com/for-sale/villas/dubai/town-square/naseem-townhouses/"
"Town Square","Naseem Townhouses","sale","townhouses","https://www.bayut.com/for-sale/townhouses/dubai/town-square/naseem-townhouses/"
"Town Square","Noor Townhouses","rent","villas","https://www.bayut.com/for-rent/villas/dubai/town-square/noor-townhouses/"
"Town Square","Noor Townhouses","rent","townhouses","https://www.bayut.com/for-rent/townhouses/dubai/town-square/noor-townhouses/"
"Town Square","Noor Townhouses","sale","villas","https://www.bayut.com/for-sale/villas/dubai/town-square/noor-townhouses/"
"Town Square","Noor Townhouses","sale","townhouses","https://www.bayut.com/for-sale/townhouses/dubai/town-square/noor-townhouses/"
"Town Square","Reem Townhouses","rent","villas","https://www.bayut.com/for-rent/villas/dubai/town-square/reem-townhouses/"
"Town Square","Reem Townhouses","rent","townhouses","https://www.bayut.com/for-rent/townhouses/dubai/town-square/reem-townhouses/"
"Town Square","Reem Townhouses","sale","villas","https://www.bayut.com/for-sale/villas/dubai/town-square/reem-townhouses/"
"Town Square","Reem Townhouses","sale","townhouses","https://www.bayut.com/for-sale/townhouses/dubai/town-square/reem-townhouses/"
"Town Square","Safi Townhouses","rent","villas","https://www.bayut.com/for-rent/villas/dubai/town-square/safi-townhouses/"
"Town Square","Safi Townhouses","rent","townhouses","https://www.bayut.com/for-rent/townhouses/dubai/town-square/safi-townhouses/"
"Town Square","Safi Townhouses","sale","villas","https://www.bayut.com/for-sale/villas/dubai/town-square/safi-townhouses/"
"Town Square","Safi Townhouses","sale","townhouses","https://www.bayut.com/for-sale/townhouses/dubai/town-square/safi-townhouses/"
"Town Square","Sama Townhouses","rent","villas","https://www.bayut.com/for-rent/villas/dubai/town-square/sama-townhouses/"
"Town Square","Sama Townhouses","rent","townhouses","https://www.bayut.com/for-rent/townhouses/dubai/town-square/sama-townhouses/"
"Town Square","Sama Townhouses","sale","villas","https://www.bayut.com/for-sale/villas/dubai/town-square/sama-townhouses/"
"Town Square","Sama Townhouses","sale","townhouses","https://www.bayut.com/for-sale/townhouses/dubai/town-square/sama-townhouses/"
"Town Square","Shams Townhouses","rent","villas","https://www.bayut.com/for-rent/villas/dubai/town-square/shams-townhouses/"
"Town Square","Shams Townhouses","rent","townhouses","https://www.bayut.com/for-rent/townhouses/dubai/town-square/shams-townhouses/"
"Town Square","Shams Townhouses","sale","villas","https://www.bayut.com/for-sale/villas/dubai/town-square/shams-townhouses/"
"Town Square","Shams Townhouses","sale","townhouses","https://www.bayut.com/for-sale/townhouses/dubai/town-square/shams-townhouses/"
"Town Square","Zahra Townhouses","rent","villas","https://www.bayut.com/for-rent/villas/dubai/town-square/zahra-townhouses/"
"Town Square","Zahra Townhouses","rent","townhouses","https://www.bayut.com/for-rent/townhouses/dubai/town-square/zahra-townhouses/"
"Town Square","Zahra Townhouses","sale","villas","https://www.bayut.com/for-sale/villas/dubai/town-square/zahra-townhouses/"
"Town Square","Zahra Townhouses","sale","townhouses","https://www.bayut.com/for-sale/townhouses/dubai/town-square/zahra-townhouses/"
"DAMAC Hills","DAMAC Hills","rent","villas","https://www.bayut.com/for-rent/villas/dubai/damac-hills/"
"DAMAC Hills","DAMAC Hills","rent","townhouses","https://www.bayut.com/for-rent/townhouses/dubai/damac-hills/"
"DAMAC Hills","DAMAC Hills","sale","villas","https://www.bayut.com/for-sale/villas/dubai/damac-hills/"
"DAMAC Hills","DAMAC Hills","sale","townhouses","https://www.bayut.com/for-sale/townhouses/dubai/damac-hills/"
"DAMAC Hills","Akoya Park","rent","villas","https://www.bayut.com/for-rent/villas/dubai/damac-hills/akoya-park/"
"DAMAC Hills","Akoya Park","rent","townhouses","https://www.bayut.com/for-rent/townhouses/dubai/damac-hills/akoya-park/"
"DAMAC Hills","Akoya Park","sale","villas","https://www.bayut.com/for-sale/villas/dubai/damac-hills/akoya-park/"
"DAMAC Hills","Akoya Park","sale","townhouses","https://www.bayut.com/for-sale/townhouses/dubai/damac-hills/akoya-park/"
"DAMAC Hills","Brookfield","rent","villas","https://www.bayut.com/for-rent/villas/dubai/damac-hills/brookfield/"
"DAMAC Hills","Brookfield","rent","townhouses","https://www.bayut.com/for-rent/townhouses/dubai/damac-hills/brookfield/"
"DAMAC Hills","Brookfield","sale","villas","https://www.bayut.com/for-sale/villas/dubai/damac-hills/brookfield/"
"DAMAC Hills","Brookfield","sale","townhouses","https://www.bayut.com/for-sale/townhouses/dubai/damac-hills/brookfield/"
"DAMAC Hills","Calero","rent","villas","https://www.bayut.com/for-rent/villas/dubai/damac-hills/calero/"
"DAMAC Hills","Calero","rent","townhouses","https://www.bayut.com/for-rent/townhouses/dubai/damac-hills/calero/"
"DAMAC Hills","Calero","sale","villas","https://www.bayut.com/for-sale/villas/dubai/damac-hills/calero/"
"DAMAC Hills","Calero","sale","townhouses","https://www.bayut.com/for-sale/townhouses/dubai/damac-hills/calero/"
"DAMAC Hills","Club Villas","rent","villas","https://www.bayut.com/for-rent/villas/dubai/damac-hills/club-villas/"
"DAMAC Hills","Club Villas","rent","townhouses","https://www.bayut.com/for-rent/townhouses/dubai/damac-hills/club-villas/"
"DAMAC Hills","Club Villas","sale","villas","https://www.bayut.com/for-sale/villas/dubai/damac-hills/club-villas/"
"DAMAC Hills","Club Villas","sale","townhouses","https://www.bayut.com/for-sale/townhouses/dubai/damac-hills/club-villas/"
"DAMAC Hills","Green Acres","rent","villas","https://www.bayut.com/for-rent/villas/dubai/damac-hills/green-acres/"
"DAMAC Hills","Green Acres","rent","townhouses","https://www.bayut.com/for-rent/townhouses/dubai/damac-hills/green-acres/"
"DAMAC Hills","Green Acres","sale","villas","https://www.bayut.com/for-sale/villas/dubai/damac-hills/green-acres/"
"DAMAC Hills","Green Acres","sale","townhouses","https://www.bayut.com/for-sale/townhouses/dubai/damac-hills/green-acres/"
"DAMAC Hills","Jasmine","rent","villas","https://www.bayut.com/for-rent/villas/dubai/damac-hills/jasmine/"
"DAMAC Hills","Jasmine","rent","townhouses","https://www.bayut.com/for-rent/townhouses/dubai/damac-hills/jasmine/"
"DAMAC Hills","Jasmine","sale","villas","https://www.bayut.com/for-sale/villas/dubai/damac-hills/jasmine/"
"DAMAC Hills","Jasmine","sale","townhouses","https://www.bayut.com/for-sale/townhouses/dubai/damac-hills/jasmine/"
"DAMAC Hills","Orchid","rent","villas","https://www.bayut.com/for-rent/villas/dubai/damac-hills/orchid/"
"DAMAC Hills","Orchid","rent","townhouses","https://www.bayut.com/for-rent/townhouses/dubai/damac-hills/orchid/"
"DAMAC Hills","Orchid","sale","villas","https://www.bayut.com/for-sale/villas/dubai/damac-hills/orchid/"
"DAMAC Hills","Orchid","sale","townhouses","https://www.bayut.com/for-sale/townhouses/dubai/damac-hills/orchid/"
"DAMAC Hills","Park Residences 1","rent","villas","https://www.bayut.com/for-rent/villas/dubai/damac-hills/park-residences-1/"
"DAMAC Hills","Park Residences 1","rent","townhouses","https://www.bayut.com/for-rent/townhouses/dubai/damac-hills/park-residences-1/"
"DAMAC Hills","Park Residences 1","sale","villas","https://www.bayut.com/for-sale/villas/dubai/damac-hills/park-residences-1/"
"DAMAC Hills","Park Residences 1","sale","townhouses","https://www.bayut.com/for-sale/townhouses/dubai/damac-hills/park-residences-1/"
"DAMAC Hills","Park Residences 4","rent","villas","https://www.bayut.com/for-rent/villas/dubai/damac-hills/park-residences-4/"
"DAMAC Hills","Park Residences 4","rent","townhouses","https://www.bayut.com/for-rent/townhouses/dubai/damac-hills/park-residences-4/"
"DAMAC Hills","Park Residences 4","sale","villas","https://www.bayut.com/for-sale/villas/dubai/damac-hills/park-residences-4/"
"DAMAC Hills","Park Residences 4","sale","townhouses","https://www.bayut.com/for-sale/townhouses/dubai/damac-hills/park-residences-4/"
"DAMAC Hills","Pelham","rent","villas","https://www.bayut.com/for-rent/villas/dubai/damac-hills/pelham/"
"DAMAC Hills","Pelham","rent","townhouses","https://www.bayut.com/for-rent/townhouses/dubai/damac-hills/pelham/"
"DAMAC Hills","Pelham","sale","villas","https://www.bayut.com/for-sale/villas/dubai/damac-hills/pelham/"
"DAMAC Hills","Pelham","sale","townhouses","https://www.bayut.com/for-sale/townhouses/dubai/damac-hills/pelham/"
"DAMAC Hills","Picadilly Green","rent","villas","https://www.bayut.com/for-rent/villas/dubai/damac-hills/picadilly-green/"
"DAMAC Hills","Picadilly Green","rent","townhouses","https://www.bayut.com/for-rent/townhouses/dubai/damac-hills/picadilly-green/"
"DAMAC Hills","Picadilly Green","sale","villas","https://www.bayut.com/for-sale/villas/dubai/damac-hills/picadilly-green/"
"DAMAC Hills","Picadilly Green","sale","townhouses","https://www.bayut.com/for-sale/townhouses/dubai/damac-hills/picadilly-green/"
"DAMAC Hills","Queens Meadows","rent","villas","https://www.bayut.com/for-rent/villas/dubai/damac-hills/queens-meadows/"
"DAMAC Hills","Queens Meadows","rent","townhouses","https://www.bayut.com/for-rent/townhouses/dubai/damac-hills/queens-meadows/"
"DAMAC Hills","Queens Meadows","sale","villas","https://www.bayut.com/for-sale/villas/dubai/damac-hills/queens-meadows/"
"DAMAC Hills","Queens Meadows","sale","townhouses","https://www.bayut.com/for-sale/townhouses/dubai/damac-hills/queens-meadows/"
"DAMAC Hills","Richmond","rent","villas","https://www.bayut.com/for-rent/villas/dubai/damac-hills/richmond/"
"DAMAC Hills","Richmond","rent","townhouses","https://www.bayut.com/for-rent/townhouses/dubai/damac-hills/richmond/"
"DAMAC Hills","Richmond","sale","villas","https://www.bayut.com/for-sale/villas/dubai/damac-hills/richmond/"
"DAMAC Hills","Richmond","sale","townhouses","https://www.bayut.com/for-sale/townhouses/dubai/damac-hills/richmond/"
"DAMAC Hills","Rockwood","rent","villas","https://www.bayut.com/for-rent/villas/dubai/damac-hills/rockwood/"
"DAMAC Hills","Rockwood","rent","townhouses","https://www.bayut.com/for-rent/townhouses/dubai/damac-hills/rockwood/"
"DAMAC Hills","Rockwood","sale","villas","https://www.bayut.com/for-sale/villas/dubai/damac-hills/rockwood/"
"DAMAC Hills","Rockwood","sale","townhouses","https://www.bayut.com/for-sale/townhouses/dubai/damac-hills/rockwood/"
"DAMAC Hills","Silver Springs","rent","villas","https://www.bayut.com/for-rent/villas/dubai/damac-hills/silver-springs/"
"DAMAC Hills","Silver Springs","rent","townhouses","https://www.bayut.com/for-rent/townhouses/dubai/damac-hills/silver-springs/"
"DAMAC Hills","Silver Springs","sale","villas","https://www.bayut.com/for-sale/villas/dubai/damac-hills/silver-springs/"
"DAMAC Hills","Silver Springs","sale","townhouses","https://www.bayut.com/for-sale/townhouses/dubai/damac-hills/silver-springs/"
"DAMAC Hills","The Field","rent","villas","https://www.bayut.com/for-rent/villas/dubai/damac-hills/the-field/"
"DAMAC Hills","The Field","rent","townhouses","https://www.bayut.com/for-rent/townhouses/dubai/damac-hills/the-field/"
"DAMAC Hills","The Field","sale","villas","https://www.bayut.com/for-sale/villas/dubai/damac-hills/the-field/"
"DAMAC Hills","The Field","sale","townhouses","https://www.bayut.com/for-sale/townhouses/dubai/damac-hills/the-field/"
"DAMAC Hills","The Park Villas","rent","villas","https://www.bayut.com/for-rent/villas/dubai/damac-hills/the-park-villas/"
"DAMAC Hills","The Park Villas","rent","townhouses","https://www.bayut.com/for-rent/townhouses/dubai/damac-hills/the-park-villas/"
"DAMAC Hills","The Park Villas","sale","villas","https://www.bayut.com/for-sale/villas/dubai/damac-hills/the-park-villas/"
"DAMAC Hills","The Park Villas","sale","townhouses","https://www.bayut.com/for-sale/townhouses/dubai/damac-hills/the-park-villas/"
"DAMAC Hills","Topanga","rent","villas","https://www.bayut.com/for-rent/villas/dubai/damac-hills/topanga/"
"DAMAC Hills","Topanga","rent","townhouses","https://www.bayut.com/for-rent/townhouses/dubai/damac-hills/topanga/"
"DAMAC Hills","Topanga","sale","villas","https://www.bayut.com/for-sale/villas/dubai/damac-hills/topanga/"
"DAMAC Hills","Topanga","sale","townhouses","https://www.bayut.com/for-sale/townhouses/dubai/damac-hills/topanga/"
"DAMAC Hills","Trinity","rent","villas","https://www.bayut.com/for-rent/villas/dubai/damac-hills/trinity/"
"DAMAC Hills","Trinity","rent","townhouses","https://www.bayut.com/for-rent/townhouses/dubai/damac-hills/trinity/"
"DAMAC Hills","Trinity","sale","villas","https://www.bayut.com/for-sale/villas/dubai/damac-hills/trinity/"
"DAMAC Hills","Trinity","sale","townhouses","https://www.bayut.com/for-sale/townhouses/dubai/damac-hills/trinity/"
"DAMAC Hills","Trump Estates","rent","villas","https://www.bayut.com/for-rent/villas/dubai/damac-hills/trump-estates/"
"DAMAC Hills","Trump Estates","rent","townhouses","https://www.bayut.com/for-rent/townhouses/dubai/damac-hills/trump-estates/"
"DAMAC Hills","Trump Estates","sale","villas","https://www.bayut.com/for-sale/villas/dubai/damac-hills/trump-estates/"
"DAMAC Hills","Trump Estates","sale","townhouses","https://www.bayut.com/for-sale/townhouses/dubai/damac-hills/trump-estates/"
"DAMAC Hills","Ventura","rent","villas","https://www.bayut.com/for-rent/villas/dubai/damac-hills/ventura/"
"DAMAC Hills","Ventura","rent","townhouses","https://www.bayut.com/for-rent/townhouses/dubai/damac-hills/ventura/"
"DAMAC Hills","Ventura","sale","villas","https://www.bayut.com/for-sale/villas/dubai/damac-hills/ventura/"
"DAMAC Hills","Ventura","sale","townhouses","https://www.bayut.com/for-sale/townhouses/dubai/damac-hills/ventura/"
"DAMAC Hills","Whitefield","rent","villas","https://www.bayut.com/for-rent/villas/dubai/damac-hills/whitefield/"
"DAMAC Hills","Whitefield","rent","townhouses","https://www.bayut.com/for-rent/townhouses/dubai/damac-hills/whitefield/"
"DAMAC Hills","Whitefield","sale","villas","https://www.bayut.com/for-sale/villas/dubai/damac-hills/whitefield/"
"DAMAC Hills","Whitefield","sale","townhouses","https://www.bayut.com/for-sale/townhouses/dubai/damac-hills/whitefield/"
"Arabian Ranches","Arabian Ranches","rent","villas","https://www.bayut.com/for-rent/villas/dubai/arabian-ranches/"
"Arabian Ranches","Arabian Ranches","rent","townhouses","https://www.bayut.com/for-rent/townhouses/dubai/arabian-ranches/"
"Arabian Ranches","Arabian Ranches","sale","villas","https://www.bayut.com/for-sale/villas/dubai/arabian-ranches/"
"Arabian Ranches","Arabian Ranches","sale","townhouses","https://www.bayut.com/for-sale/townhouses/dubai/arabian-ranches/"
"Arabian Ranches","Al Mahra","rent","villas","https://www.bayut.com/for-rent/villas/dubai/arabian-ranches/al-mahra/"
"Arabian Ranches","Al Mahra","rent","townhouses","https://www.bayut.com/for-rent/townhouses/dubai/arabian-ranches/al-mahra/"
"Arabian Ranches","Al Mahra","sale","villas","https://www.bayut.com/for-sale/villas/dubai/arabian-ranches/al-mahra/"
"Arabian Ranches","Al Mahra","sale","townhouses","https://www.bayut.com/for-sale/townhouses/dubai/arabian-ranches/al-mahra/"
"Arabian Ranches","Al Reem","rent","villas","https://www.bayut.com/for-rent/villas/dubai/arabian-ranches/al-reem/"
"Arabian Ranches","Al Reem","rent","townhouses","https://www.bayut.com/for-rent/townhouses/dubai/arabian-ranches/al-reem/"
"Arabian Ranches","Al Reem","sale","villas","https://www.bayut.com/for-sale/villas/dubai/arabian-ranches/al-reem/"
"Arabian Ranches","Al Reem","sale","townhouses","https://www.bayut.com/for-sale/townhouses/dubai/arabian-ranches/al-reem/"
"Arabian Ranches","Al Reem 1","rent","villas","https://www.bayut.com/for-rent/villas/dubai/arabian-ranches/al-reem/al-reem-1/"
"Arabian Ranches","Al Reem 1","rent","townhouses","https://www.bayut.com/for-rent/townhouses/dubai/arabian-ranches/al-reem/al-reem-1/"
"Arabian Ranches","Al Reem 1","sale","villas","https://www.bayut.com/for-sale/villas/dubai/arabian-ranches/al-reem/al-reem-1/"
"Arabian Ranches","Al Reem 1","sale","townhouses","https://www.bayut.com/for-sale/townhouses/dubai/arabian-ranches/al-reem/al-reem-1/"
"Arabian Ranches","Al Reem 2","rent","villas","https://www.bayut.com/for-rent/villas/dubai/arabian-ranches/al-reem/al-reem-2/"
"Arabian Ranches","Al Reem 2","rent","townhouses","https://www.bayut.com/for-rent/townhouses/dubai/arabian-ranches/al-reem/al-reem-2/"
"Arabian Ranches","Al Reem 2","sale","villas","https://www.bayut.com/for-sale/villas/dubai/arabian-ranches/al-reem/al-reem-2/"
"Arabian Ranches","Al Reem 2","sale","townhouses","https://www.bayut.com/for-sale/townhouses/dubai/arabian-ranches/al-reem/al-reem-2/"
"Arabian Ranches","Al Reem 3","rent","villas","https://www.bayut.com/for-rent/villas/dubai/arabian-ranches/al-reem/al-reem-3/"
"Arabian Ranches","Al Reem 3","rent","townhouses","https://www.bayut.com/for-rent/townhouses/dubai/arabian-ranches/al-reem/al-reem-3/"
"Arabian Ranches","Al Reem 3","sale","villas","https://www.bayut.com/for-sale/villas/dubai/arabian-ranches/al-reem/al-reem-3/"
"Arabian Ranches","Al Reem 3","sale","townhouses","https://www.bayut.com/for-sale/townhouses/dubai/arabian-ranches/al-reem/al-reem-3/"
"Arabian Ranches","Alvorada","rent","villas","https://www.bayut.com/for-rent/villas/dubai/arabian-ranches/alvorada/"
"Arabian Ranches","Alvorada","rent","townhouses","https://www.bayut.com/for-rent/townhouses/dubai/arabian-ranches/alvorada/"
"Arabian Ranches","Alvorada","sale","villas","https://www.bayut.com/for-sale/villas/dubai/arabian-ranches/alvorada/"
"Arabian Ranches","Alvorada","sale","townhouses","https://www.bayut.com/for-sale/townhouses/dubai/arabian-ranches/alvorada/"
"Arabian Ranches","Alvorada 1","rent","villas","https://www.bayut.com/for-rent/villas/dubai/arabian-ranches/alvorada/alvorada-1/"
"Arabian Ranches","Alvorada 1","rent","townhouses","https://www.bayut.com/for-rent/townhouses/dubai/arabian-ranches/alvorada/alvorada-1/"
"Arabian Ranches","Alvorada 1","sale","villas","https://www.bayut.com/for-sale/villas/dubai/arabian-ranches/alvorada/alvorada-1/"
"Arabian Ranches","Alvorada 1","sale","townhouses","https://www.bayut.com/for-sale/townhouses/dubai/arabian-ranches/alvorada/alvorada-1/"
"Arabian Ranches","Alvorada 2","rent","villas","https://www.bayut.com/for-rent/villas/dubai/arabian-ranches/alvorada/alvorada-2/"
"Arabian Ranches","Alvorada 2","rent","townhouses","https://www.bayut.com/for-rent/townhouses/dubai/arabian-ranches/alvorada/alvorada-2/"
"Arabian Ranches","Alvorada 2","sale","villas","https://www.bayut.com/for-sale/villas/dubai/arabian-ranches/alvorada/alvorada-2/"
"Arabian Ranches","Alvorada 2","sale","townhouses","https://www.bayut.com/for-sale/townhouses/dubai/arabian-ranches/alvorada/alvorada-2/"
"Arabian Ranches","Alvorada 3","rent","villas","https://www.bayut.com/for-rent/villas/dubai/arabian-ranches/alvorada/alvorada-3/"
"Arabian Ranches","Alvorada 3","rent","townhouses","https://www.bayut.com/for-rent/townhouses/dubai/arabian-ranches/alvorada/alvorada-3/"
"Arabian Ranches","Alvorada 3","sale","villas","https://www.bayut.com/for-sale/villas/dubai/arabian-ranches/alvorada/alvorada-3/"
"Arabian Ranches","Alvorada 3","sale","townhouses","https://www.bayut.com/for-sale/townhouses/dubai/arabian-ranches/alvorada/alvorada-3/"
"Arabian Ranches","Alvorada 4","rent","villas","https://www.bayut.com/for-rent/villas/dubai/arabian-ranches/alvorada/alvorada-4/"
"Arabian Ranches","Alvorada 4","rent","townhouses","https://www.bayut.com/for-rent/townhouses/dubai/arabian-ranches/alvorada/alvorada-4/"
"Arabian Ranches","Alvorada 4","sale","villas","https://www.bayut.com/for-sale/villas/dubai/arabian-ranches/alvorada/alvorada-4/"
"Arabian Ranches","Alvorada 4","sale","townhouses","https://www.bayut.com/for-sale/townhouses/dubai/arabian-ranches/alvorada/alvorada-4/"
"Arabian Ranches","Alma","rent","villas","https://www.bayut.com/for-rent/villas/dubai/arabian-ranches/alma/"
"Arabian Ranches","Alma","rent","townhouses","https://www.bayut.com/for-rent/townhouses/dubai/arabian-ranches/alma/"
"Arabian Ranches","Alma","sale","villas","https://www.bayut.com/for-sale/villas/dubai/arabian-ranches/alma/"
"Arabian Ranches","Alma","sale","townhouses","https://www.bayut.com/for-sale/townhouses/dubai/arabian-ranches/alma/"
"Arabian Ranches","Alma 1","rent","villas","https://www.bayut.com/for-rent/villas/dubai/arabian-ranches/alma/alma-1/"
"Arabian Ranches","Alma 1","rent","townhouses","https://www.bayut.com/for-rent/townhouses/dubai/arabian-ranches/alma/alma-1/"
"Arabian Ranches","Alma 1","sale","villas","https://www.bayut.com/for-sale/villas/dubai/arabian-ranches/alma/alma-1/"
"Arabian Ranches","Alma 1","sale","townhouses","https://www.bayut.com/for-sale/townhouses/dubai/arabian-ranches/alma/alma-1/"
"Arabian Ranches","Alma 2","rent","villas","https://www.bayut.com/for-rent/villas/dubai/arabian-ranches/alma/alma-2/"
"Arabian Ranches","Alma 2","rent","townhouses","https://www.bayut.com/for-rent/townhouses/dubai/arabian-ranches/alma/alma-2/"
"Arabian Ranches","Alma 2","sale","villas","https://www.bayut.com/for-sale/villas/dubai/arabian-ranches/alma/alma-2/"
"Arabian Ranches","Alma 2","sale","townhouses","https://www.bayut.com/for-sale/townhouses/dubai/arabian-ranches/alma/alma-2/"
"Arabian Ranches","Aseel","rent","villas","https://www.bayut.com/for-rent/villas/dubai/arabian-ranches/aseel/"
"Arabian Ranches","Aseel","rent","townhouses","https://www.bayut.com/for-rent/townhouses/dubai/arabian-ranches/aseel/"
"Arabian Ranches","Aseel","sale","villas","https://www.bayut.com/for-sale/villas/dubai/arabian-ranches/aseel/"
"Arabian Ranches","Aseel","sale","townhouses","https://www.bayut.com/for-sale/townhouses/dubai/arabian-ranches/aseel/"
"Arabian Ranches","Hattan","rent","villas","https://www.bayut.com/for-rent/villas/dubai/arabian-ranches/hattan/"
"Arabian Ranches","Hattan","rent","townhouses","https://www.bayut.com/for-rent/townhouses/dubai/arabian-ranches/hattan/"
"Arabian Ranches","Hattan","sale","villas","https://www.bayut.com/for-sale/villas/dubai/arabian-ranches/hattan/"
"Arabian Ranches","Hattan","sale","townhouses","https://www.bayut.com/for-sale/townhouses/dubai/arabian-ranches/hattan/"
"Arabian Ranches","Hattan 1","rent","villas","https://www.bayut.com/for-rent/villas/dubai/arabian-ranches/hattan/hattan-1/"
"Arabian Ranches","Hattan 1","rent","townhouses","https://www.bayut.com/for-rent/townhouses/dubai/arabian-ranches/hattan/hattan-1/"
"Arabian Ranches","Hattan 1","sale","villas","https://www.bayut.com/for-sale/villas/dubai/arabian-ranches/hattan/hattan-1/"
"Arabian Ranches","Hattan 1","sale","townhouses","https://www.bayut.com/for-sale/townhouses/dubai/arabian-ranches/hattan/hattan-1/"
"Arabian Ranches","Hattan 2","rent","villas","https://www.bayut.com/for-rent/villas/dubai/arabian-ranches/hattan/hattan-2/"
"Arabian Ranches","Hattan 2","rent","townhouses","https://www.bayut.com/for-rent/townhouses/dubai/arabian-ranches/hattan/hattan-2/"
"Arabian Ranches","Hattan 2","sale","villas","https://www.bayut.com/for-sale/villas/dubai/arabian-ranches/hattan/hattan-2/"
"Arabian Ranches","Hattan 2","sale","townhouses","https://www.bayut.com/for-sale/townhouses/dubai/arabian-ranches/hattan/hattan-2/"
"Arabian Ranches","Hattan 3","rent","villas","https://www.bayut.com/for-rent/villas/dubai/arabian-ranches/hattan/hattan-3/"
"Arabian Ranches","Hattan 3","rent","townhouses","https://www.bayut.com/for-rent/townhouses/dubai/arabian-ranches/hattan/hattan-3/"
"Arabian Ranches","Hattan 3","sale","villas","https://www.bayut.com/for-sale/villas/dubai/arabian-ranches/hattan/hattan-3/"
"Arabian Ranches","Hattan 3","sale","townhouses","https://www.bayut.com/for-sale/townhouses/dubai/arabian-ranches/hattan/hattan-3/"
"Arabian Ranches","La Avenida","rent","villas","https://www.bayut.com/for-rent/villas/dubai/arabian-ranches/la-avenida/"
"Arabian Ranches","La Avenida","rent","townhouses","https://www.bayut.com/for-rent/townhouses/dubai/arabian-ranches/la-avenida/"
"Arabian Ranches","La Avenida","sale","villas","https://www.bayut.com/for-sale/villas/dubai/arabian-ranches/la-avenida/"
"Arabian Ranches","La Avenida","sale","townhouses","https://www.bayut.com/for-sale/townhouses/dubai/arabian-ranches/la-avenida/"
"Arabian Ranches","La Avenida 1","rent","villas","https://www.bayut.com/for-rent/villas/dubai/arabian-ranches/la-avenida/la-avenida-1/"
"Arabian Ranches","La Avenida 1","rent","townhouses","https://www.bayut.com/for-rent/townhouses/dubai/arabian-ranches/la-avenida/la-avenida-1/"
"Arabian Ranches","La Avenida 1","sale","villas","https://www.bayut.com/for-sale/villas/dubai/arabian-ranches/la-avenida/la-avenida-1/"
"Arabian Ranches","La Avenida 1","sale","townhouses","https://www.bayut.com/for-sale/townhouses/dubai/arabian-ranches/la-avenida/la-avenida-1/"
"Arabian Ranches","La Avenida 2","rent","villas","https://www.bayut.com/for-rent/villas/dubai/arabian-ranches/la-avenida/la-avenida-2/"
"Arabian Ranches","La Avenida 2","rent","townhouses","https://www.bayut.com/for-rent/townhouses/dubai/arabian-ranches/la-avenida/la-avenida-2/"
"Arabian Ranches","La Avenida 2","sale","villas","https://www.bayut.com/for-sale/villas/dubai/arabian-ranches/la-avenida/la-avenida-2/"
"Arabian Ranches","La Avenida 2","sale","townhouses","https://www.bayut.com/for-sale/townhouses/dubai/arabian-ranches/la-avenida/la-avenida-2/"
"Arabian Ranches","Mirador","rent","villas","https://www.bayut.com/for-rent/villas/dubai/arabian-ranches/mirador/"
"Arabian Ranches","Mirador","rent","townhouses","https://www.bayut.com/for-rent/townhouses/dubai/arabian-ranches/mirador/"
"Arabian Ranches","Mirador","sale","villas","https://www.bayut.com/for-sale/villas/dubai/arabian-ranches/mirador/"
"Arabian Ranches","Mirador","sale","townhouses","https://www.bayut.com/for-sale/townhouses/dubai/arabian-ranches/mirador/"
"Arabian Ranches","Mirador La Coleccion","rent","villas","https://www.bayut.com/for-rent/villas/dubai/arabian-ranches/mirador-la-coleccion/"
"Arabian Ranches","Mirador La Coleccion","rent","townhouses","https://www.bayut.com/for-rent/townhouses/dubai/arabian-ranches/mirador-la-coleccion/"
"Arabian Ranches","Mirador La Coleccion","sale","villas","https://www.bayut.com/for-sale/villas/dubai/arabian-ranches/mirador-la-coleccion/"
"Arabian Ranches","Mirador La Coleccion","sale","townhouses","https://www.bayut.com/for-sale/townhouses/dubai/arabian-ranches/mirador-la-coleccion/"
"Arabian Ranches","Mirador La Coleccion 1","rent","villas","https://www.bayut.com/for-rent/villas/dubai/arabian-ranches/mirador-la-coleccion/mirador-la-coleccion-1/"
"Arabian Ranches","Mirador La Coleccion 1","rent","townhouses","https://www.bayut.com/for-rent/townhouses/dubai/arabian-ranches/mirador-la-coleccion/mirador-la-coleccion-1/"
"Arabian Ranches","Mirador La Coleccion 1","sale","villas","https://www.bayut.com/for-sale/villas/dubai/arabian-ranches/mirador-la-coleccion/mirador-la-coleccion-1/"
"Arabian Ranches","Mirador La Coleccion 1","sale","townhouses","https://www.bayut.com/for-sale/townhouses/dubai/arabian-ranches/mirador-la-coleccion/mirador-la-coleccion-1/"
"Arabian Ranches","Mirador La Coleccion 2","rent","villas","https://www.bayut.com/for-rent/villas/dubai/arabian-ranches/mirador-la-coleccion/mirador-la-coleccion-2/"
"Arabian Ranches","Mirador La Coleccion 2","rent","townhouses","https://www.bayut.com/for-rent/townhouses/dubai/arabian-ranches/mirador-la-coleccion/mirador-la-coleccion-2/"
"Arabian Ranches","Mirador La Coleccion 2","sale","villas","https://www.bayut.com/for-sale/villas/dubai/arabian-ranches/mirador-la-coleccion/mirador-la-coleccion-2/"
"Arabian Ranches","Mirador La Coleccion 2","sale","townhouses","https://www.bayut.com/for-sale/townhouses/dubai/arabian-ranches/mirador-la-coleccion/mirador-la-coleccion-2/"
"Arabian Ranches","Palmera","rent","villas","https://www.bayut.com/for-rent/villas/dubai/arabian-ranches/palmera/"
"Arabian Ranches","Palmera","rent","townhouses","https://www.bayut.com/for-rent/townhouses/dubai/arabian-ranches/palmera/"
"Arabian Ranches","Palmera","sale","villas","https://www.bayut.com/for-sale/villas/dubai/arabian-ranches/palmera/"
"Arabian Ranches","Palmera","sale","townhouses","https://www.bayut.com/for-sale/townhouses/dubai/arabian-ranches/palmera/"
"Arabian Ranches","Palmera 1","rent","villas","https://www.bayut.com/for-rent/villas/dubai/arabian-ranches/palmera/palmera-1/"
"Arabian Ranches","Palmera 1","rent","townhouses","https://www.bayut.com/for-rent/townhouses/dubai/arabian-ranches/palmera/palmera-1/"
"Arabian Ranches","Palmera 1","sale","villas","https://www.bayut.com/for-sale/villas/dubai/arabian-ranches/palmera/palmera-1/"
"Arabian Ranches","Palmera 1","sale","townhouses","https://www.bayut.com/for-sale/townhouses/dubai/arabian-ranches/palmera/palmera-1/"
"Arabian Ranches","Palmera 2","rent","villas","https://www.bayut.com/for-rent/villas/dubai/arabian-ranches/palmera/palmera-2/"
"Arabian Ranches","Palmera 2","rent","townhouses","https://www.bayut.com/for-rent/townhouses/dubai/arabian-ranches/palmera/palmera-2/"
"Arabian Ranches","Palmera 2","sale","villas","https://www.bayut.com/for-sale/villas/dubai/arabian-ranches/palmera/palmera-2/"
"Arabian Ranches","Palmera 2","sale","townhouses","https://www.bayut.com/for-sale/townhouses/dubai/arabian-ranches/palmera/palmera-2/"
"Arabian Ranches","Palmera 3","rent","villas","https://www.bayut.com/for-rent/villas/dubai/arabian-ranches/palmera/palmera-3/"
"Arabian Ranches","Palmera 3","rent","townhouses","https://www.bayut.com/for-rent/townhouses/dubai/arabian-ranches/palmera/palmera-3/"
"Arabian Ranches","Palmera 3","sale","villas","https://www.bayut.com/for-sale/villas/dubai/arabian-ranches/palmera/palmera-3/"
"Arabian Ranches","Palmera 3","sale","townhouses","https://www.bayut.com/for-sale/townhouses/dubai/arabian-ranches/palmera/palmera-3/"
"Arabian Ranches","Palmera 4","rent","villas","https://www.bayut.com/for-rent/villas/dubai/arabian-ranches/palmera/palmera-4/"
"Arabian Ranches","Palmera 4","rent","townhouses","https://www.bayut.com/for-rent/townhouses/dubai/arabian-ranches/palmera/palmera-4/"
"Arabian Ranches","Palmera 4","sale","villas","https://www.bayut.com/for-sale/villas/dubai/arabian-ranches/palmera/palmera-4/"
"Arabian Ranches","Palmera 4","sale","townhouses","https://www.bayut.com/for-sale/townhouses/dubai/arabian-ranches/palmera/palmera-4/"
"Arabian Ranches","Polo Homes","rent","villas","https://www.bayut.com/for-rent/villas/dubai/arabian-ranches/polo-homes/"
"Arabian Ranches","Polo Homes","rent","townhouses","https://www.bayut.com/for-rent/townhouses/dubai/arabian-ranches/polo-homes/"
"Arabian Ranches","Polo Homes","sale","villas","https://www.bayut.com/for-sale/villas/dubai/arabian-ranches/polo-homes/"
"Arabian Ranches","Polo Homes","sale","townhouses","https://www.bayut.com/for-sale/townhouses/dubai/arabian-ranches/polo-homes/"
"Arabian Ranches","Saheel","rent","villas","https://www.bayut.com/for-rent/villas/dubai/arabian-ranches/saheel/"
"Arabian Ranches","Saheel","rent","townhouses","https://www.bayut.com/for-rent/townhouses/dubai/arabian-ranches/saheel/"
"Arabian Ranches","Saheel","sale","villas","https://www.bayut.com/for-sale/villas/dubai/arabian-ranches/saheel/"
"Arabian Ranches","Saheel","sale","townhouses","https://www.bayut.com/for-sale/townhouses/dubai/arabian-ranches/saheel/"
"Arabian Ranches","Saheel 1","rent","villas","https://www.bayut.com/for-rent/villas/dubai/arabian-ranches/saheel/saheel-1/"
"Arabian Ranches","Saheel 1","rent","townhouses","https://www.bayut.com/for-rent/townhouses/dubai/arabian-ranches/saheel/saheel-1/"
"Arabian Ranches","Saheel 1","sale","villas","https://www.bayut.com/for-sale/villas/dubai/arabian-ranches/saheel/saheel-1/"
"Arabian Ranches","Saheel 1","sale","townhouses","https://www.bayut.com/for-sale/townhouses/dubai/arabian-ranches/saheel/saheel-1/"
"Arabian Ranches","Saheel 2","rent","villas","https://www.bayut.com/for-rent/villas/dubai/arabian-ranches/saheel/saheel-2/"
"Arabian Ranches","Saheel 2","rent","townhouses","https://www.bayut.com/for-rent/townhouses/dubai/arabian-ranches/saheel/saheel-2/"
"Arabian Ranches","Saheel 2","sale","villas","https://www.bayut.com/for-sale/villas/dubai/arabian-ranches/saheel/saheel-2/"
"Arabian Ranches","Saheel 2","sale","townhouses","https://www.bayut.com/for-sale/townhouses/dubai/arabian-ranches/saheel/saheel-2/"
"Arabian Ranches","Saheel 3","rent","villas","https://www.bayut.com/for-rent/villas/dubai/arabian-ranches/saheel/saheel-3/"
"Arabian Ranches","Saheel 3","rent","townhouses","https://www.bayut.com/for-rent/townhouses/dubai/arabian-ranches/saheel/saheel-3/"
"Arabian Ranches","Saheel 3","sale","villas","https://www.bayut.com/for-sale/villas/dubai/arabian-ranches/saheel/saheel-3/"
"Arabian Ranches","Saheel 3","sale","townhouses","https://www.bayut.com/for-sale/townhouses/dubai/arabian-ranches/saheel/saheel-3/"
"Arabian Ranches","Savannah","rent","villas","https://www.bayut.com/for-rent/villas/dubai/arabian-ranches/savannah/"
"Arabian Ranches","Savannah","rent","townhouses","https://www.bayut.com/for-rent/townhouses/dubai/arabian-ranches/savannah/"
"Arabian Ranches","Savannah","sale","villas","https://www.bayut.com/for-sale/villas/dubai/arabian-ranches/savannah/"
"Arabian Ranches","Savannah","sale","townhouses","https://www.bayut.com/for-sale/townhouses/dubai/arabian-ranches/savannah/"
"Arabian Ranches","Savannah 1","rent","villas","https://www.bayut.com/for-rent/villas/dubai/arabian-ranches/savannah/savannah-1/"
"Arabian Ranches","Savannah 1","rent","townhouses","https://www.bayut.com/for-rent/townhouses/dubai/arabian-ranches/savannah/savannah-1/"
"Arabian Ranches","Savannah 1","sale","villas","https://www.bayut.com/for-sale/villas/dubai/arabian-ranches/savannah/savannah-1/"
"Arabian Ranches","Savannah 1","sale","townhouses","https://www.bayut.com/for-sale/townhouses/dubai/arabian-ranches/savannah/savannah-1/"
"Arabian Ranches","Savannah 2","rent","villas","https://www.bayut.com/for-rent/villas/dubai/arabian-ranches/savannah/savannah-2/"
"Arabian Ranches","Savannah 2","rent","townhouses","https://www.bayut.com/for-rent/townhouses/dubai/arabian-ranches/savannah/savannah-2/"
"Arabian Ranches","Savannah 2","sale","villas","https://www.bayut.com/for-sale/villas/dubai/arabian-ranches/savannah/savannah-2/"
"Arabian Ranches","Savannah 2","sale","townhouses","https://www.bayut.com/for-sale/townhouses/dubai/arabian-ranches/savannah/savannah-2/"
"Arabian Ranches","Terra Nova","rent","villas","https://www.bayut.com/for-rent/villas/dubai/arabian-ranches/terra-nova/"
"Arabian Ranches","Terra Nova","rent","townhouses","https://www.bayut.com/for-rent/townhouses/dubai/arabian-ranches/terra-nova/"
"Arabian Ranches","Terra Nova","sale","villas","https://www.bayut.com/for-sale/villas/dubai/arabian-ranches/terra-nova/"
"Arabian Ranches","Terra Nova","sale","townhouses","https://www.bayut.com/for-sale/townhouses/dubai/arabian-ranches/terra-nova/"
"Arabian Ranches 2","Arabian Ranches 2","rent","villas","https://www.bayut.com/for-rent/villas/dubai/arabian-ranches-2/"
"Arabian Ranches 2","Arabian Ranches 2","rent","townhouses","https://www.bayut.com/for-rent/townhouses/dubai/arabian-ranches-2/"
"Arabian Ranches 2","Arabian Ranches 2","sale","villas","https://www.bayut.com/for-sale/villas/dubai/arabian-ranches-2/"
"Arabian Ranches 2","Arabian Ranches 2","sale","townhouses","https://www.bayut.com/for-sale/townhouses/dubai/arabian-ranches-2/"
"Arabian Ranches 2","Azalea","rent","villas","https://www.bayut.com/for-rent/villas/dubai/arabian-ranches-2/azalea/"
"Arabian Ranches 2","Azalea","rent","townhouses","https://www.bayut.com/for-rent/townhouses/dubai/arabian-ranches-2/azalea/"
"Arabian Ranches 2","Azalea","sale","villas","https://www.bayut.com/for-sale/villas/dubai/arabian-ranches-2/azalea/"
"Arabian Ranches 2","Azalea","sale","townhouses","https://www.bayut.com/for-sale/townhouses/dubai/arabian-ranches-2/azalea/"
"Arabian Ranches 2","Camelia","rent","villas","https://www.bayut.com/for-rent/villas/dubai/arabian-ranches-2/camelia/"
"Arabian Ranches 2","Camelia","rent","townhouses","https://www.bayut.com/for-rent/townhouses/dubai/arabian-ranches-2/camelia/"
"Arabian Ranches 2","Camelia","sale","villas","https://www.bayut.com/for-sale/villas/dubai/arabian-ranches-2/camelia/"
"Arabian Ranches 2","Camelia","sale","townhouses","https://www.bayut.com/for-sale/townhouses/dubai/arabian-ranches-2/camelia/"
"Arabian Ranches 2","Casa","rent","villas","https://www.bayut.com/for-rent/villas/dubai/arabian-ranches-2/casa/"
"Arabian Ranches 2","Casa","rent","townhouses","https://www.bayut.com/for-rent/townhouses/dubai/arabian-ranches-2/casa/"
"Arabian Ranches 2","Casa","sale","villas","https://www.bayut.com/for-sale/villas/dubai/arabian-ranches-2/casa/"
"Arabian Ranches 2","Casa","sale","townhouses","https://www.bayut.com/for-sale/townhouses/dubai/arabian-ranches-2/casa/"
"Arabian Ranches 2","Lila","rent","villas","https://www.bayut.com/for-rent/villas/dubai/arabian-ranches-2/lila/"
"Arabian Ranches 2","Lila","rent","townhouses","https://www.bayut.com/for-rent/townhouses/dubai/arabian-ranches-2/lila/"
"Arabian Ranches 2","Lila","sale","villas","https://www.bayut.com/for-sale/villas/dubai/arabian-ranches-2/lila/"
"Arabian Ranches 2","Lila","sale","townhouses","https://www.bayut.com/for-sale/townhouses/dubai/arabian-ranches-2/lila/"
"Arabian Ranches 2","Palma","rent","villas","https://www.bayut.com/for-rent/villas/dubai/arabian-ranches-2/palma/"
"Arabian Ranches 2","Palma","rent","townhouses","https://www.bayut.com/for-rent/townhouses/dubai/arabian-ranches-2/palma/"
"Arabian Ranches 2","Palma","sale","villas","https://www.bayut.com/for-sale/villas/dubai/arabian-ranches-2/palma/"
"Arabian Ranches 2","Palma","sale","townhouses","https://www.bayut.com/for-sale/townhouses/dubai/arabian-ranches-2/palma/"
"Arabian Ranches 2","Rasha","rent","villas","https://www.bayut.com/for-rent/villas/dubai/arabian-ranches-2/rasha/"
"Arabian Ranches 2","Rasha","rent","townhouses","https://www.bayut.com/for-rent/townhouses/dubai/arabian-ranches-2/rasha/"
"Arabian Ranches 2","Rasha","sale","villas","https://www.bayut.com/for-sale/villas/dubai/arabian-ranches-2/rasha/"
"Arabian Ranches 2","Rasha","sale","townhouses","https://www.bayut.com/for-sale/townhouses/dubai/arabian-ranches-2/rasha/"
"Arabian Ranches 2","Reem","rent","villas","https://www.bayut.com/for-rent/villas/dubai/arabian-ranches-2/reem/"
"Arabian Ranches 2","Reem","rent","townhouses","https://www.bayut.com/for-rent/townhouses/dubai/arabian-ranches-2/reem/"
"Arabian Ranches 2","Reem","sale","villas","https://www.bayut.com/for-sale/villas/dubai/arabian-ranches-2/reem/"
"Arabian Ranches 2","Reem","sale","townhouses","https://www.bayut.com/for-sale/townhouses/dubai/arabian-ranches-2/reem/"
"Arabian Ranches 2","Rosa","rent","villas","https://www.bayut.com/for-rent/villas/dubai/arabian-ranches-2/rosa/"
"Arabian Ranches 2","Rosa","rent","townhouses","https://www.bayut.com/for-rent/townhouses/dubai/arabian-ranches-2/rosa/"
"Arabian Ranches 2","Rosa","sale","villas","https://www.bayut.com/for-sale/villas/dubai/arabian-ranches-2/rosa/"
"Arabian Ranches 2","Rosa","sale","townhouses","https://www.bayut.com/for-sale/townhouses/dubai/arabian-ranches-2/rosa/"
"Arabian Ranches 2","Samara","rent","villas","https://www.bayut.com/for-rent/villas/dubai/arabian-ranches-2/samara/"
"Arabian Ranches 2","Samara","rent","townhouses","https://www.bayut.com/for-rent/townhouses/dubai/arabian-ranches-2/samara/"
"Arabian Ranches 2","Samara","sale","villas","https://www.bayut.com/for-sale/villas/dubai/arabian-ranches-2/samara/"
"Arabian Ranches 2","Samara","sale","townhouses","https://www.bayut.com/for-sale/townhouses/dubai/arabian-ranches-2/samara/"
"Arabian Ranches 2","Yasmin","rent","villas","https://www.bayut.com/for-rent/villas/dubai/arabian-ranches-2/yasmin/"
"Arabian Ranches 2","Yasmin","rent","townhouses","https://www.bayut.com/for-rent/townhouses/dubai/arabian-ranches-2/yasmin/"
"Arabian Ranches 2","Yasmin","sale","villas","https://www.bayut.com/for-sale/villas/dubai/arabian-ranches-2/yasmin/"
"Arabian Ranches 2","Yasmin","sale","townhouses","https://www.bayut.com/for-sale/townhouses/dubai/arabian-ranches-2/yasmin/"
"Arabian Ranches 3","Arabian Ranches 3","rent","villas","https://www.bayut.com/for-rent/villas/dubai/arabian-ranches-3/"
"Arabian Ranches 3","Arabian Ranches 3","rent","townhouses","https://www.bayut.com/for-rent/townhouses/dubai/arabian-ranches-3/"
"Arabian Ranches 3","Arabian Ranches 3","sale","villas","https://www.bayut.com/for-sale/villas/dubai/arabian-ranches-3/"
"Arabian Ranches 3","Arabian Ranches 3","sale","townhouses","https://www.bayut.com/for-sale/townhouses/dubai/arabian-ranches-3/"
"Arabian Ranches 3","Anya","rent","villas","https://www.bayut.com/for-rent/villas/dubai/arabian-ranches-3/anya/"
"Arabian Ranches 3","Anya","rent","townhouses","https://www.bayut.com/for-rent/townhouses/dubai/arabian-ranches-3/anya/"
"Arabian Ranches 3","Anya","sale","villas","https://www.bayut.com/for-sale/villas/dubai/arabian-ranches-3/anya/"
"Arabian Ranches 3","Anya","sale","townhouses","https://www.bayut.com/for-sale/townhouses/dubai/arabian-ranches-3/anya/"
"Arabian Ranches 3","Anya 2","rent","villas","https://www.bayut.com/for-rent/villas/dubai/arabian-ranches-3/anya-2/"
"Arabian Ranches 3","Anya 2","rent","townhouses","https://www.bayut.com/for-rent/townhouses/dubai/arabian-ranches-3/anya-2/"
"Arabian Ranches 3","Anya 2","sale","villas","https://www.bayut.com/for-sale/villas/dubai/arabian-ranches-3/anya-2/"
"Arabian Ranches 3","Anya 2","sale","townhouses","https://www.bayut.com/for-sale/townhouses/dubai/arabian-ranches-3/anya-2/"
"Arabian Ranches 3","Bliss","rent","villas","https://www.bayut.com/for-rent/villas/dubai/arabian-ranches-3/bliss/"
"Arabian Ranches 3","Bliss","rent","townhouses","https://www.bayut.com/for-rent/townhouses/dubai/arabian-ranches-3/bliss/"
"Arabian Ranches 3","Bliss","sale","villas","https://www.bayut.com/for-sale/villas/dubai/arabian-ranches-3/bliss/"
"Arabian Ranches 3","Bliss","sale","townhouses","https://www.bayut.com/for-sale/townhouses/dubai/arabian-ranches-3/bliss/"
"Arabian Ranches 3","Bliss 2","rent","villas","https://www.bayut.com/for-rent/villas/dubai/arabian-ranches-3/bliss-2/"
"Arabian Ranches 3","Bliss 2","rent","townhouses","https://www.bayut.com/for-rent/townhouses/dubai/arabian-ranches-3/bliss-2/"
"Arabian Ranches 3","Bliss 2","sale","villas","https://www.bayut.com/for-sale/villas/dubai/arabian-ranches-3/bliss-2/"
"Arabian Ranches 3","Bliss 2","sale","townhouses","https://www.bayut.com/for-sale/townhouses/dubai/arabian-ranches-3/bliss-2/"
"Arabian Ranches 3","Caya","rent","villas","https://www.bayut.com/for-rent/villas/dubai/arabian-ranches-3/caya/"
"Arabian Ranches 3","Caya","rent","townhouses","https://www.bayut.com/for-rent/townhouses/dubai/arabian-ranches-3/caya/"
"Arabian Ranches 3","Caya","sale","villas","https://www.bayut.com/for-sale/villas/dubai/arabian-ranches-3/caya/"
"Arabian Ranches 3","Caya","sale","townhouses","https://www.bayut.com/for-sale/townhouses/dubai/arabian-ranches-3/caya/"
"Arabian Ranches 3","Elie Saab","rent","villas","https://www.bayut.com/for-rent/villas/dubai/arabian-ranches-3/elie-saab/"
"Arabian Ranches 3","Elie Saab","rent","townhouses","https://www.bayut.com/for-rent/townhouses/dubai/arabian-ranches-3/elie-saab/"
"Arabian Ranches 3","Elie Saab","sale","villas","https://www.bayut.com/for-sale/villas/dubai/arabian-ranches-3/elie-saab/"
"Arabian Ranches 3","Elie Saab","sale","townhouses","https://www.bayut.com/for-sale/townhouses/dubai/arabian-ranches-3/elie-saab/"
"Arabian Ranches 3","Elie Saab 1","rent","villas","https://www.bayut.com/for-rent/villas/dubai/arabian-ranches-3/elie-saab/elie-saab-1/"
"Arabian Ranches 3","Elie Saab 1","rent","townhouses","https://www.bayut.com/for-rent/townhouses/dubai/arabian-ranches-3/elie-saab/elie-saab-1/"
"Arabian Ranches 3","Elie Saab 1","sale","villas","https://www.bayut.com/for-sale/villas/dubai/arabian-ranches-3/elie-saab/elie-saab-1/"
"Arabian Ranches 3","Elie Saab 1","sale","townhouses","https://www.bayut.com/for-sale/townhouses/dubai/arabian-ranches-3/elie-saab/elie-saab-1/"
"Arabian Ranches 3","Elie Saab 2","rent","villas","https://www.bayut.com/for-rent/villas/dubai/arabian-ranches-3/elie-saab/elie-saab-2/"
"Arabian Ranches 3","Elie Saab 2","rent","townhouses","https://www.bayut.com/for-rent/townhouses/dubai/arabian-ranches-3/elie-saab/elie-saab-2/"
"Arabian Ranches 3","Elie Saab 2","sale","villas","https://www.bayut.com/for-sale/villas/dubai/arabian-ranches-3/elie-saab/elie-saab-2/"
"Arabian Ranches 3","Elie Saab 2","sale","townhouses","https://www.bayut.com/for-sale/townhouses/dubai/arabian-ranches-3/elie-saab/elie-saab-2/"
"Arabian Ranches 3","Joy","rent","villas","https://www.bayut.com/for-rent/villas/dubai/arabian-ranches-3/joy/"
"Arabian Ranches 3","Joy","rent","townhouses","https://www.bayut.com/for-rent/townhouses/dubai/arabian-ranches-3/joy/"
"Arabian Ranches 3","Joy","sale","villas","https://www.bayut.com/for-sale/villas/dubai/arabian-ranches-3/joy/"
"Arabian Ranches 3","Joy","sale","townhouses","https://www.bayut.com/for-sale/townhouses/dubai/arabian-ranches-3/joy/"
"Arabian Ranches 3","June","rent","villas","https://www.bayut.com/for-rent/villas/dubai/arabian-ranches-3/june/"
"Arabian Ranches 3","June","rent","townhouses","https://www.bayut.com/for-rent/townhouses/dubai/arabian-ranches-3/june/"
"Arabian Ranches 3","June","sale","villas","https://www.bayut.com/for-sale/villas/dubai/arabian-ranches-3/june/"
"Arabian Ranches 3","June","sale","townhouses","https://www.bayut.com/for-sale/townhouses/dubai/arabian-ranches-3/june/"
"Arabian Ranches 3","May","rent","villas","https://www.bayut.com/for-rent/villas/dubai/arabian-ranches-3/may/"
"Arabian Ranches 3","May","rent","townhouses","https://www.bayut.com/for-rent/townhouses/dubai/arabian-ranches-3/may/"
"Arabian Ranches 3","May","sale","villas","https://www.bayut.com/for-sale/villas/dubai/arabian-ranches-3/may/"
"Arabian Ranches 3","May","sale","townhouses","https://www.bayut.com/for-sale/townhouses/dubai/arabian-ranches-3/may/"
"Arabian Ranches 3","Raya","rent","villas","https://www.bayut.com/for-rent/villas/dubai/arabian-ranches-3/raya/"
"Arabian Ranches 3","Raya","rent","townhouses","https://www.bayut.com/for-rent/townhouses/dubai/arabian-ranches-3/raya/"
"Arabian Ranches 3","Raya","sale","villas","https://www.bayut.com/for-sale/villas/dubai/arabian-ranches-3/raya/"
"Arabian Ranches 3","Raya","sale","townhouses","https://www.bayut.com/for-sale/townhouses/dubai/arabian-ranches-3/raya/"
"Arabian Ranches 3","Ruba","rent","villas","https://www.bayut.com/for-rent/villas/dubai/arabian-ranches-3/ruba/"
"Arabian Ranches 3","Ruba","rent","townhouses","https://www.bayut.com/for-rent/townhouses/dubai/arabian-ranches-3/ruba/"
"Arabian Ranches 3","Ruba","sale","villas","https://www.bayut.com/for-sale/villas/dubai/arabian-ranches-3/ruba/"
"Arabian Ranches 3","Ruba","sale","townhouses","https://www.bayut.com/for-sale/townhouses/dubai/arabian-ranches-3/ruba/"
"Arabian Ranches 3","Spring","rent","villas","https://www.bayut.com/for-rent/villas/dubai/arabian-ranches-3/spring/"
"Arabian Ranches 3","Spring","rent","townhouses","https://www.bayut.com/for-rent/townhouses/dubai/arabian-ranches-3/spring/"
"Arabian Ranches 3","Spring","sale","villas","https://www.bayut.com/for-sale/villas/dubai/arabian-ranches-3/spring/"
"Arabian Ranches 3","Spring","sale","townhouses","https://www.bayut.com/for-sale/townhouses/dubai/arabian-ranches-3/spring/"
"Arabian Ranches 3","Sun","rent","villas","https://www.bayut.com/for-rent/villas/dubai/arabian-ranches-3/sun/"
"Arabian Ranches 3","Sun","rent","townhouses","https://www.bayut.com/for-rent/townhouses/dubai/arabian-ranches-3/sun/"
"Arabian Ranches 3","Sun","sale","villas","https://www.bayut.com/for-sale/villas/dubai/arabian-ranches-3/sun/"
"Arabian Ranches 3","Sun","sale","townhouses","https://www.bayut.com/for-sale/townhouses/dubai/arabian-ranches-3/sun/"
"Mudon","Mudon","rent","villas","https://www.bayut.com/for-rent/villas/dubai/mudon/"
"Mudon","Mudon","rent","townhouses","https://www.bayut.com/for-rent/townhouses/dubai/mudon/"
"Mudon","Mudon","sale","villas","https://www.bayut.com/for-sale/villas/dubai/mudon/"
"Mudon","Mudon","sale","townhouses","https://www.bayut.com/for-sale/townhouses/dubai/mudon/"
"Mudon","Al Salam","rent","villas","https://www.bayut.com/for-rent/villas/dubai/mudon/al-salam/"
"Mudon","Al Salam","rent","townhouses","https://www.bayut.com/for-rent/townhouses/dubai/mudon/al-salam/"
"Mudon","Al Salam","sale","villas","https://www.bayut.com/for-sale/villas/dubai/mudon/al-salam/"
"Mudon","Al Salam","sale","townhouses","https://www.bayut.com/for-sale/townhouses/dubai/mudon/al-salam/"
"Mudon","Arabella Townhouses","rent","villas","https://www.bayut.com/for-rent/villas/dubai/mudon/arabella-townhouses/"
"Mudon","Arabella Townhouses","rent","townhouses","https://www.bayut.com/for-rent/townhouses/dubai/mudon/arabella-townhouses/"
"Mudon","Arabella Townhouses","sale","villas","https://www.bayut.com/for-sale/villas/dubai/mudon/arabella-townhouses/"
"Mudon","Arabella Townhouses","sale","townhouses","https://www.bayut.com/for-sale/townhouses/dubai/mudon/arabella-townhouses/"
"Mudon","Arabella 1","rent","villas","https://www.bayut.com/for-rent/villas/dubai/mudon/arabella-townhouses/arabella-1/"
"Mudon","Arabella 1","rent","townhouses","https://www.bayut.com/for-rent/townhouses/dubai/mudon/arabella-townhouses/arabella-1/"
"Mudon","Arabella 1","sale","villas","https://www.bayut.com/for-sale/villas/dubai/mudon/arabella-townhouses/arabella-1/"
"Mudon","Arabella 1","sale","townhouses","https://www.bayut.com/for-sale/townhouses/dubai/mudon/arabella-townhouses/arabella-1/"
"Mudon","Arabella 2","rent","villas","https://www.bayut.com/for-rent/villas/dubai/mudon/arabella-townhouses/arabella-2/"
"Mudon","Arabella 2","rent","townhouses","https://www.bayut.com/for-rent/townhouses/dubai/mudon/arabella-townhouses/arabella-2/"
"Mudon","Arabella 2","sale","villas","https://www.bayut.com/for-sale/villas/dubai/mudon/arabella-townhouses/arabella-2/"
"Mudon","Arabella 2","sale","townhouses","https://www.bayut.com/for-sale/townhouses/dubai/mudon/arabella-townhouses/arabella-2/"
"Mudon","Arabella 3","rent","villas","https://www.bayut.com/for-rent/villas/dubai/mudon/arabella-townhouses/arabella-3/"
"Mudon","Arabella 3","rent","townhouses","https://www.bayut.com/for-rent/townhouses/dubai/mudon/arabella-townhouses/arabella-3/"
"Mudon","Arabella 3","sale","villas","https://www.bayut.com/for-sale/villas/dubai/mudon/arabella-townhouses/arabella-3/"
"Mudon","Arabella 3","sale","townhouses","https://www.bayut.com/for-sale/townhouses/dubai/mudon/arabella-townhouses/arabella-3/"
"Mudon","Mudon Al Ranim","rent","villas","https://www.bayut.com/for-rent/villas/dubai/mudon/mudon-al-ranim/"
"Mudon","Mudon Al Ranim","rent","townhouses","https://www.bayut.com/for-rent/townhouses/dubai/mudon/mudon-al-ranim/"
"Mudon","Mudon Al Ranim","sale","villas","https://www.bayut.com/for-sale/villas/dubai/mudon/mudon-al-ranim/"
"Mudon","Mudon Al Ranim","sale","townhouses","https://www.bayut.com/for-sale/townhouses/dubai/mudon/mudon-al-ranim/"
"Mudon","Mudon Al Ranim 1","rent","villas","https://www.bayut.com/for-rent/villas/dubai/mudon/mudon-al-ranim/mudon-al-ranim-1/"
"Mudon","Mudon Al Ranim 1","rent","townhouses","https://www.bayut.com/for-rent/townhouses/dubai/mudon/mudon-al-ranim/mudon-al-ranim-1/"
"Mudon","Mudon Al Ranim 1","sale","villas","https://www.bayut.com/for-sale/villas/dubai/mudon/mudon-al-ranim/mudon-al-ranim-1/"
"Mudon","Mudon Al Ranim 1","sale","townhouses","https://www.bayut.com/for-sale/townhouses/dubai/mudon/mudon-al-ranim/mudon-al-ranim-1/"
"Mudon","Mudon Al Ranim 2","rent","villas","https://www.bayut.com/for-rent/villas/dubai/mudon/mudon-al-ranim/mudon-al-ranim-2/"
"Mudon","Mudon Al Ranim 2","rent","townhouses","https://www.bayut.com/for-rent/townhouses/dubai/mudon/mudon-al-ranim/mudon-al-ranim-2/"
"Mudon","Mudon Al Ranim 2","sale","villas","https://www.bayut.com/for-sale/villas/dubai/mudon/mudon-al-ranim/mudon-al-ranim-2/"
"Mudon","Mudon Al Ranim 2","sale","townhouses","https://www.bayut.com/for-sale/townhouses/dubai/mudon/mudon-al-ranim/mudon-al-ranim-2/"
"Mudon","Mudon Al Ranim 3","rent","villas","https://www.bayut.com/for-rent/villas/dubai/mudon/mudon-al-ranim/mudon-al-ranim-3/"
"Mudon","Mudon Al Ranim 3","rent","townhouses","https://www.bayut.com/for-rent/townhouses/dubai/mudon/mudon-al-ranim/mudon-al-ranim-3/"
"Mudon","Mudon Al Ranim 3","sale","villas","https://www.bayut.com/for-sale/villas/dubai/mudon/mudon-al-ranim/mudon-al-ranim-3/"
"Mudon","Mudon Al Ranim 3","sale","townhouses","https://www.bayut.com/for-sale/townhouses/dubai/mudon/mudon-al-ranim/mudon-al-ranim-3/"
"Mudon","Mudon Al Ranim 4","rent","villas","https://www.bayut.com/for-rent/villas/dubai/mudon/mudon-al-ranim/mudon-al-ranim-4/"
"Mudon","Mudon Al Ranim 4","rent","townhouses","https://www.bayut.com/for-rent/townhouses/dubai/mudon/mudon-al-ranim/mudon-al-ranim-4/"
"Mudon","Mudon Al Ranim 4","sale","villas","https://www.bayut.com/for-sale/villas/dubai/mudon/mudon-al-ranim/mudon-al-ranim-4/"
"Mudon","Mudon Al Ranim 4","sale","townhouses","https://www.bayut.com/for-sale/townhouses/dubai/mudon/mudon-al-ranim/mudon-al-ranim-4/"
"Mudon","Mudon Al Ranim 5","rent","villas","https://www.bayut.com/for-rent/villas/dubai/mudon/mudon-al-ranim/mudon-al-ranim-5/"
"Mudon","Mudon Al Ranim 5","rent","townhouses","https://www.bayut.com/for-rent/townhouses/dubai/mudon/mudon-al-ranim/mudon-al-ranim-5/"
"Mudon","Mudon Al Ranim 5","sale","villas","https://www.bayut.com/for-sale/villas/dubai/mudon/mudon-al-ranim/mudon-al-ranim-5/"
"Mudon","Mudon Al Ranim 5","sale","townhouses","https://www.bayut.com/for-sale/townhouses/dubai/mudon/mudon-al-ranim/mudon-al-ranim-5/"
"Mudon","Mudon Al Ranim 6","rent","villas","https://www.bayut.com/for-rent/villas/dubai/mudon/mudon-al-ranim/mudon-al-ranim-6/"
"Mudon","Mudon Al Ranim 6","rent","townhouses","https://www.bayut.com/for-rent/townhouses/dubai/mudon/mudon-al-ranim/mudon-al-ranim-6/"
"Mudon","Mudon Al Ranim 6","sale","villas","https://www.bayut.com/for-sale/villas/dubai/mudon/mudon-al-ranim/mudon-al-ranim-6/"
"Mudon","Mudon Al Ranim 6","sale","townhouses","https://www.bayut.com/for-sale/townhouses/dubai/mudon/mudon-al-ranim/mudon-al-ranim-6/"
"Mudon","Mudon Al Ranim 7","rent","villas","https://www.bayut.com/for-rent/villas/dubai/mudon/mudon-al-ranim/mudon-al-ranim-7/"
"Mudon","Mudon Al Ranim 7","rent","townhouses","https://www.bayut.com/for-rent/townhouses/dubai/mudon/mudon-al-ranim/mudon-al-ranim-7/"
"Mudon","Mudon Al Ranim 7","sale","villas","https://www.bayut.com/for-sale/villas/dubai/mudon/mudon-al-ranim/mudon-al-ranim-7/"
"Mudon","Mudon Al Ranim 7","sale","townhouses","https://www.bayut.com/for-sale/townhouses/dubai/mudon/mudon-al-ranim/mudon-al-ranim-7/"
"Mudon","Mudon Al Ranim 8","rent","villas","https://www.bayut.com/for-rent/villas/dubai/mudon/mudon-al-ranim/mudon-al-ranim-8/"
"Mudon","Mudon Al Ranim 8","rent","townhouses","https://www.bayut.com/for-rent/townhouses/dubai/mudon/mudon-al-ranim/mudon-al-ranim-8/"
"Mudon","Mudon Al Ranim 8","sale","villas","https://www.bayut.com/for-sale/villas/dubai/mudon/mudon-al-ranim/mudon-al-ranim-8/"
"Mudon","Mudon Al Ranim 8","sale","townhouses","https://www.bayut.com/for-sale/townhouses/dubai/mudon/mudon-al-ranim/mudon-al-ranim-8/"
"Mudon","Naseem","rent","villas","https://www.bayut.com/for-rent/villas/dubai/mudon/naseem/"
"Mudon","Naseem","rent","townhouses","https://www.bayut.com/for-rent/townhouses/dubai/mudon/naseem/"
"Mudon","Naseem","sale","villas","https://www.bayut.com/for-sale/villas/dubai/mudon/naseem/"
"Mudon","Naseem","sale","townhouses","https://www.bayut.com/for-sale/townhouses/dubai/mudon/naseem/"
"Mudon","Rahat","rent","villas","https://www.bayut.com/for-rent/villas/dubai/mudon/rahat/"
"Mudon","Rahat","rent","townhouses","https://www.bayut.com/for-rent/townhouses/dubai/mudon/rahat/"
"Mudon","Rahat","sale","villas","https://www.bayut.com/for-sale/villas/dubai/mudon/rahat/"
"Mudon","Rahat","sale","townhouses","https://www.bayut.com/for-sale/townhouses/dubai/mudon/rahat/"
"DAMAC Lagoons","DAMAC Lagoons","rent","villas","https://www.bayut.com/for-rent/villas/dubai/damac-lagoons/"
"DAMAC Lagoons","DAMAC Lagoons","rent","townhouses","https://www.bayut.com/for-rent/townhouses/dubai/damac-lagoons/"
"DAMAC Lagoons","DAMAC Lagoons","sale","villas","https://www.bayut.com/for-sale/villas/dubai/damac-lagoons/"
"DAMAC Lagoons","DAMAC Lagoons","sale","townhouses","https://www.bayut.com/for-sale/townhouses/dubai/damac-lagoons/"
"DAMAC Lagoons","Costa Brava","rent","villas","https://www.bayut.com/for-rent/villas/dubai/damac-lagoons/costa-brava/"
"DAMAC Lagoons","Costa Brava","rent","townhouses","https://www.bayut.com/for-rent/townhouses/dubai/damac-lagoons/costa-brava/"
"DAMAC Lagoons","Costa Brava","sale","villas","https://www.bayut.com/for-sale/villas/dubai/damac-lagoons/costa-brava/"
"DAMAC Lagoons","Costa Brava","sale","townhouses","https://www.bayut.com/for-sale/townhouses/dubai/damac-lagoons/costa-brava/"
"DAMAC Lagoons","Ibiza","rent","villas","https://www.bayut.com/for-rent/villas/dubai/damac-lagoons/ibiza/"
"DAMAC Lagoons","Ibiza","rent","townhouses","https://www.bayut.com/for-rent/townhouses/dubai/damac-lagoons/ibiza/"
"DAMAC Lagoons","Ibiza","sale","villas","https://www.bayut.com/for-sale/villas/dubai/damac-lagoons/ibiza/"
"DAMAC Lagoons","Ibiza","sale","townhouses","https://www.bayut.com/for-sale/townhouses/dubai/damac-lagoons/ibiza/"
"DAMAC Lagoons","Malta","rent","villas","https://www.bayut.com/for-rent/villas/dubai/damac-lagoons/malta/"
"DAMAC Lagoons","Malta","rent","townhouses","https://www.bayut.com/for-rent/townhouses/dubai/damac-lagoons/malta/"
"DAMAC Lagoons","Malta","sale","villas","https://www.bayut.com/for-sale/villas/dubai/damac-lagoons/malta/"
"DAMAC Lagoons","Malta","sale","townhouses","https://www.bayut.com/for-sale/townhouses/dubai/damac-lagoons/malta/"
"DAMAC Lagoons","Marbella","rent","villas","https://www.bayut.com/for-rent/villas/dubai/damac-lagoons/marbella/"
"DAMAC Lagoons","Marbella","rent","townhouses","https://www.bayut.com/for-rent/townhouses/dubai/damac-lagoons/marbella/"
"DAMAC Lagoons","Marbella","sale","villas","https://www.bayut.com/for-sale/villas/dubai/damac-lagoons/marbella/"
"DAMAC Lagoons","Marbella","sale","townhouses","https://www.bayut.com/for-sale/townhouses/dubai/damac-lagoons/marbella/"
"DAMAC Lagoons","Monte Carlo","rent","villas","https://www.bayut.com/for-rent/villas/dubai/damac-lagoons/monte-carlo/"
"DAMAC Lagoons","Monte Carlo","rent","townhouses","https://www.bayut.com/for-rent/townhouses/dubai/damac-lagoons/monte-carlo/"
"DAMAC Lagoons","Monte Carlo","sale","villas","https://www.bayut.com/for-sale/villas/dubai/damac-lagoons/monte-carlo/"
"DAMAC Lagoons","Monte Carlo","sale","townhouses","https://www.bayut.com/for-sale/townhouses/dubai/damac-lagoons/monte-carlo/"
"DAMAC Lagoons","Morocco","rent","villas","https://www.bayut.com/for-rent/villas/dubai/damac-lagoons/morocco/"
"DAMAC Lagoons","Morocco","rent","townhouses","https://www.bayut.com/for-rent/townhouses/dubai/damac-lagoons/morocco/"
"DAMAC Lagoons","Morocco","sale","villas","https://www.bayut.com/for-sale/villas/dubai/damac-lagoons/morocco/"
"DAMAC Lagoons","Morocco","sale","townhouses","https://www.bayut.com/for-sale/townhouses/dubai/damac-lagoons/morocco/"
"DAMAC Lagoons","Nice","rent","villas","https://www.bayut.com/for-rent/villas/dubai/damac-lagoons/nice/"
"DAMAC Lagoons","Nice","rent","townhouses","https://www.bayut.com/for-rent/townhouses/dubai/damac-lagoons/nice/"
"DAMAC Lagoons","Nice","sale","villas","https://www.bayut.com/for-sale/villas/dubai/damac-lagoons/nice/"
"DAMAC Lagoons","Nice","sale","townhouses","https://www.bayut.com/for-sale/townhouses/dubai/damac-lagoons/nice/"
"DAMAC Lagoons","Portofino","rent","villas","https://www.bayut.com/for-rent/villas/dubai/damac-lagoons/portofino/"
"DAMAC Lagoons","Portofino","rent","townhouses","https://www.bayut.com/for-rent/townhouses/dubai/damac-lagoons/portofino/"
"DAMAC Lagoons","Portofino","sale","villas","https://www.bayut.com/for-sale/villas/dubai/damac-lagoons/portofino/"
"DAMAC Lagoons","Portofino","sale","townhouses","https://www.bayut.com/for-sale/townhouses/dubai/damac-lagoons/portofino/"
"DAMAC Lagoons","Santorini","rent","villas","https://www.bayut.com/for-rent/villas/dubai/damac-lagoons/santorini/"
"DAMAC Lagoons","Santorini","rent","townhouses","https://www.bayut.com/for-rent/townhouses/dubai/damac-lagoons/santorini/"
"DAMAC Lagoons","Santorini","sale","villas","https://www.bayut.com/for-sale/villas/dubai/damac-lagoons/santorini/"
"DAMAC Lagoons","Santorini","sale","townhouses","https://www.bayut.com/for-sale/townhouses/dubai/damac-lagoons/santorini/"
"DAMAC Lagoons","Venice","rent","villas","https://www.bayut.com/for-rent/villas/dubai/damac-lagoons/venice/"
"DAMAC Lagoons","Venice","rent","townhouses","https://www.bayut.com/for-rent/townhouses/dubai/damac-lagoons/venice/"
"DAMAC Lagoons","Venice","sale","villas","https://www.bayut.com/for-sale/villas/dubai/damac-lagoons/venice/"
"DAMAC Lagoons","Venice","sale","townhouses","https://www.bayut.com/for-sale/townhouses/dubai/damac-lagoons/venice/"
"Villanova","Villanova","rent","villas","https://www.bayut.com/for-rent/villas/dubai/dubailand/villanova/"
"Villanova","Villanova","rent","townhouses","https://www.bayut.com/for-rent/townhouses/dubai/dubailand/villanova/"
"Villanova","Villanova","sale","villas","https://www.bayut.com/for-sale/villas/dubai/dubailand/villanova/"
"Villanova","Villanova","sale","townhouses","https://www.bayut.com/for-sale/townhouses/dubai/dubailand/villanova/"
"Villanova","Amaranta","rent","villas","https://www.bayut.com/for-rent/villas/dubai/dubailand/villanova/amaranta/"
"Villanova","Amaranta","rent","townhouses","https://www.bayut.com/for-rent/townhouses/dubai/dubailand/villanova/amaranta/"
"Villanova","Amaranta","sale","villas","https://www.bayut.com/for-sale/villas/dubai/dubailand/villanova/amaranta/"
"Villanova","Amaranta","sale","townhouses","https://www.bayut.com/for-sale/townhouses/dubai/dubailand/villanova/amaranta/"
"Villanova","Amaranta 1","rent","villas","https://www.bayut.com/for-rent/villas/dubai/dubailand/villanova/amaranta/amaranta-1/"
"Villanova","Amaranta 1","rent","townhouses","https://www.bayut.com/for-rent/townhouses/dubai/dubailand/villanova/amaranta/amaranta-1/"
"Villanova","Amaranta 1","sale","villas","https://www.bayut.com/for-sale/villas/dubai/dubailand/villanova/amaranta/amaranta-1/"
"Villanova","Amaranta 1","sale","townhouses","https://www.bayut.com/for-sale/townhouses/dubai/dubailand/villanova/amaranta/amaranta-1/"
"Villanova","Amaranta 2","rent","villas","https://www.bayut.com/for-rent/villas/dubai/dubailand/villanova/amaranta/amaranta-2/"
"Villanova","Amaranta 2","rent","townhouses","https://www.bayut.com/for-rent/townhouses/dubai/dubailand/villanova/amaranta/amaranta-2/"
"Villanova","Amaranta 2","sale","villas","https://www.bayut.com/for-sale/villas/dubai/dubailand/villanova/amaranta/amaranta-2/"
"Villanova","Amaranta 2","sale","townhouses","https://www.bayut.com/for-sale/townhouses/dubai/dubailand/villanova/amaranta/amaranta-2/"
"Villanova","Amaranta 3","rent","villas","https://www.bayut.com/for-rent/villas/dubai/dubailand/villanova/amaranta/amaranta-3/"
"Villanova","Amaranta 3","rent","townhouses","https://www.bayut.com/for-rent/townhouses/dubai/dubailand/villanova/amaranta/amaranta-3/"
"Villanova","Amaranta 3","sale","villas","https://www.bayut.com/for-sale/villas/dubai/dubailand/villanova/amaranta/amaranta-3/"
"Villanova","Amaranta 3","sale","townhouses","https://www.bayut.com/for-sale/townhouses/dubai/dubailand/villanova/amaranta/amaranta-3/"
"Villanova","Amaranta 4","rent","villas","https://www.bayut.com/for-rent/villas/dubai/dubailand/villanova/amaranta/amaranta-4/"
"Villanova","Amaranta 4","rent","townhouses","https://www.bayut.com/for-rent/townhouses/dubai/dubailand/villanova/amaranta/amaranta-4/"
"Villanova","Amaranta 4","sale","villas","https://www.bayut.com/for-sale/villas/dubai/dubailand/villanova/amaranta/amaranta-4/"
"Villanova","Amaranta 4","sale","townhouses","https://www.bayut.com/for-sale/townhouses/dubai/dubailand/villanova/amaranta/amaranta-4/"
"Villanova","La Quinta","rent","villas","https://www.bayut.com/for-rent/villas/dubai/dubailand/villanova/la-quinta/"
"Villanova","La Quinta","rent","townhouses","https://www.bayut.com/for-rent/townhouses/dubai/dubailand/villanova/la-quinta/"
"Villanova","La Quinta","sale","villas","https://www.bayut.com/for-sale/villas/dubai/dubailand/villanova/la-quinta/"
"Villanova","La Quinta","sale","townhouses","https://www.bayut.com/for-sale/townhouses/dubai/dubailand/villanova/la-quinta/"
"Villanova","La Rosa","rent","villas","https://www.bayut.com/for-rent/villas/dubai/dubailand/villanova/la-rosa/"
"Villanova","La Rosa","rent","townhouses","https://www.bayut.com/for-rent/townhouses/dubai/dubailand/villanova/la-rosa/"
"Villanova","La Rosa","sale","villas","https://www.bayut.com/for-sale/villas/dubai/dubailand/villanova/la-rosa/"
"Villanova","La Rosa","sale","townhouses","https://www.bayut.com/for-sale/townhouses/dubai/dubailand/villanova/la-rosa/"
"Villanova","La Rosa 1","rent","villas","https://www.bayut.com/for-rent/villas/dubai/dubailand/villanova/la-rosa/la-rosa-1/"
"Villanova","La Rosa 1","rent","townhouses","https://www.bayut.com/for-rent/townhouses/dubai/dubailand/villanova/la-rosa/la-rosa-1/"
"Villanova","La Rosa 1","sale","villas","https://www.bayut.com/for-sale/villas/dubai/dubailand/villanova/la-rosa/la-rosa-1/"
"Villanova","La Rosa 1","sale","townhouses","https://www.bayut.com/for-sale/townhouses/dubai/dubailand/villanova/la-rosa/la-rosa-1/"
"Villanova","La Rosa 2","rent","villas","https://www.bayut.com/for-rent/villas/dubai/dubailand/villanova/la-rosa/la-rosa-2/"
"Villanova","La Rosa 2","rent","townhouses","https://www.bayut.com/for-rent/townhouses/dubai/dubailand/villanova/la-rosa/la-rosa-2/"
"Villanova","La Rosa 2","sale","villas","https://www.bayut.com/for-sale/villas/dubai/dubailand/villanova/la-rosa/la-rosa-2/"
"Villanova","La Rosa 2","sale","townhouses","https://www.bayut.com/for-sale/townhouses/dubai/dubailand/villanova/la-rosa/la-rosa-2/"
"Villanova","La Rosa 3","rent","villas","https://www.bayut.com/for-rent/villas/dubai/dubailand/villanova/la-rosa/la-rosa-3/"
"Villanova","La Rosa 3","rent","townhouses","https://www.bayut.com/for-rent/townhouses/dubai/dubailand/villanova/la-rosa/la-rosa-3/"
"Villanova","La Rosa 3","sale","villas","https://www.bayut.com/for-sale/villas/dubai/dubailand/villanova/la-rosa/la-rosa-3/"
"Villanova","La Rosa 3","sale","townhouses","https://www.bayut.com/for-sale/townhouses/dubai/dubailand/villanova/la-rosa/la-rosa-3/"
"Villanova","La Rosa 4","rent","villas","https://www.bayut.com/for-rent/villas/dubai/dubailand/villanova/la-rosa/la-rosa-4/"
"Villanova","La Rosa 4","rent","townhouses","https://www.bayut.com/for-rent/townhouses/dubai/dubailand/villanova/la-rosa/la-rosa-4/"
"Villanova","La Rosa 4","sale","villas","https://www.bayut.com/for-sale/villas/dubai/dubailand/villanova/la-rosa/la-rosa-4/"
"Villanova","La Rosa 4","sale","townhouses","https://www.bayut.com/for-sale/townhouses/dubai/dubailand/villanova/la-rosa/la-rosa-4/"
"Villanova","La Rosa 5","rent","villas","https://www.bayut.com/for-rent/villas/dubai/dubailand/villanova/la-rosa/la-rosa-5/"
"Villanova","La Rosa 5","rent","townhouses","https://www.bayut.com/for-rent/townhouses/dubai/dubailand/villanova/la-rosa/la-rosa-5/"
"Villanova","La Rosa 5","sale","villas","https://www.bayut.com/for-sale/villas/dubai/dubailand/villanova/la-rosa/la-rosa-5/"
"Villanova","La Rosa 5","sale","townhouses","https://www.bayut.com/for-sale/townhouses/dubai/dubailand/villanova/la-rosa/la-rosa-5/"
"Villanova","La Rosa 6","rent","villas","https://www.bayut.com/for-rent/villas/dubai/dubailand/villanova/la-rosa/la-rosa-6/"
"Villanova","La Rosa 6","rent","townhouses","https://www.bayut.com/for-rent/townhouses/dubai/dubailand/villanova/la-rosa/la-rosa-6/"
"Villanova","La Rosa 6","sale","villas","https://www.bayut.com/for-sale/villas/dubai/dubailand/villanova/la-rosa/la-rosa-6/"
"Villanova","La Rosa 6","sale","townhouses","https://www.bayut.com/for-sale/townhouses/dubai/dubailand/villanova/la-rosa/la-rosa-6/"
"Villanova","La Tilia","rent","villas","https://www.bayut.com/for-rent/villas/dubai/dubailand/villanova/la-tilia/"
"Villanova","La Tilia","rent","townhouses","https://www.bayut.com/for-rent/townhouses/dubai/dubailand/villanova/la-tilia/"
"Villanova","La Tilia","sale","villas","https://www.bayut.com/for-sale/villas/dubai/dubailand/villanova/la-tilia/"
"Villanova","La Tilia","sale","townhouses","https://www.bayut.com/for-sale/townhouses/dubai/dubailand/villanova/la-tilia/"
"Villanova","La Violeta","rent","villas","https://www.bayut.com/for-rent/villas/dubai/dubailand/villanova/la-violeta/"
"Villanova","La Violeta","rent","townhouses","https://www.bayut.com/for-rent/townhouses/dubai/dubailand/villanova/la-violeta/"
"Villanova","La Violeta","sale","villas","https://www.bayut.com/for-sale/villas/dubai/dubailand/villanova/la-violeta/"
"Villanova","La Violeta","sale","townhouses","https://www.bayut.com/for-sale/townhouses/dubai/dubailand/villanova/la-violeta/"
"Villanova","La Violeta 1","rent","villas","https://www.bayut.com/for-rent/villas/dubai/dubailand/villanova/la-violeta/la-violeta-1/"
"Villanova","La Violeta 1","rent","townhouses","https://www.bayut.com/for-rent/townhouses/dubai/dubailand/villanova/la-violeta/la-violeta-1/"
"Villanova","La Violeta 1","sale","villas","https://www.bayut.com/for-sale/villas/dubai/dubailand/villanova/la-violeta/la-violeta-1/"
"Villanova","La Violeta 1","sale","townhouses","https://www.bayut.com/for-sale/townhouses/dubai/dubailand/villanova/la-violeta/la-violeta-1/"
"Villanova","La Violeta 2","rent","villas","https://www.bayut.com/for-rent/villas/dubai/dubailand/villanova/la-violeta/la-violeta-2/"
"Villanova","La Violeta 2","rent","townhouses","https://www.bayut.com/for-rent/townhouses/dubai/dubailand/villanova/la-violeta/la-violeta-2/"
"Villanova","La Violeta 2","sale","villas","https://www.bayut.com/for-sale/villas/dubai/dubailand/villanova/la-violeta/la-violeta-2/"
"Villanova","La Violeta 2","sale","townhouses","https://www.bayut.com/for-sale/townhouses/dubai/dubailand/villanova/la-violeta/la-violeta-2/"
"Villanova","The Aldea","rent","villas","https://www.bayut.com/for-rent/villas/dubai/dubailand/villanova/the-aldea/"
"Villanova","The Aldea","rent","townhouses","https://www.bayut.com/for-rent/townhouses/dubai/dubailand/villanova/the-aldea/"
"Villanova","The Aldea","sale","villas","https://www.bayut.com/for-sale/villas/dubai/dubailand/villanova/the-aldea/"
"Villanova","The Aldea","sale","townhouses","https://www.bayut.com/for-sale/townhouses/dubai/dubailand/villanova/the-aldea/"