area_sub_area,community,sub_area,parent_area,depth,for_sale,to_rent,bayut_path
"Town Square","Town Square","(master)","",0,https://www.bayut.com/for-sale/property/dubai/town-square/,https://www.bayut.com/to-rent/property/dubai/town-square/,dubai/town-square
"Town Square - Hayat Townhouses","Town Square","Hayat Townhouses","",0,https://www.bayut.com/for-sale/property/dubai/town-square/hayat-townhouses/,https://www.bayut.com/to-rent/property/dubai/town-square/hayat-townhouses/,dubai/town-square/hayat-townhouses
"Town Square - Kaya","Town Square","Kaya","",0,https://www.bayut.com/for-sale/property/dubai/town-square/kaya/,https://www.bayut.com/to-rent/property/dubai/town-square/kaya/,dubai/town-square/kaya
"Town Square - Maha Townhouses","Town Square","Maha Townhouses","",0,https://www.bayut.com/for-sale/property/dubai/town-square/maha-townhouses/,https://www.bayut.com/to-rent/property/dubai/town-square/maha-townhouses/,dubai/town-square/maha-townhouses
"Town Square - Naseem Townhouses","Town Square","Naseem Townhouses","",0,https://www.bayut.com/for-sale/property/dubai/town-square/naseem-townhouses/,https://www.bayut.com/to-rent/property/dubai/town-square/naseem-townhouses/,dubai/town-square/naseem-townhouses
"Town Square - Noor Townhouses","Town Square","Noor Townhouses","",0,https://www.bayut.com/for-sale/property/dubai/town-square/noor-townhouses/,https://www.bayut.com/to-rent/property/dubai/town-square/noor-townhouses/,dubai/town-square/noor-townhouses
"Town Square - Reem Townhouses","Town Square","Reem Townhouses","",0,https://www.bayut.com/for-sale/property/dubai/town-square/reem-townhouses/,https://www.bayut.com/to-rent/property/dubai/town-square/reem-townhouses/,dubai/town-square/reem-townhouses
"Town Square - Safi Townhouses","Town Square","Safi Townhouses","",0,https://www.bayut.com/for-sale/property/dubai/town-square/safi-townhouses/,https://www.bayut.com/to-rent/property/dubai/town-square/safi-townhouses/,dubai/town-square/safi-townhouses
"Town Square - Sama Townhouses","Town Square","Sama Townhouses","",0,https://www.bayut.com/for-sale/property/dubai/town-square/sama-townhouses/,https://www.bayut.com/to-rent/property/dubai/town-square/sama-townhouses/,dubai/town-square/sama-townhouses
"Town Square - Shams Townhouses","Town Square","Shams Townhouses","",0,https://www.bayut.com/for-sale/property/dubai/town-square/shams-townhouses/,https://www.bayut.com/to-rent/property/dubai/town-square/shams-townhouses/,dubai/town-square/shams-townhouses
"Town Square - Zahra Townhouses","Town Square","Zahra Townhouses","",0,https://www.bayut.com/for-sale/property/dubai/town-square/zahra-townhouses/,https://www.bayut.com/to-rent/property/dubai/town-square/zahra-townhouses/,dubai/town-square/zahra-townhouses
"DAMAC Hills","DAMAC Hills","(master)","",0,https://www.bayut.com/for-sale/property/dubai/damac-hills/,https://www.bayut.com/to-rent/property/dubai/damac-hills/,dubai/damac-hills
"DAMAC Hills - Akoya Park","DAMAC Hills","Akoya Park","",0,https://www.bayut.com/for-sale/property/dubai/damac-hills/akoya-park/,https://www.bayut.com/to-rent/property/dubai/damac-hills/akoya-park/,dubai/damac-hills/akoya-park
"DAMAC Hills - Brookfield","DAMAC Hills","Brookfield","",0,https://www.bayut.com/for-sale/property/dubai/damac-hills/brookfield/,https://www.bayut.com/to-rent/property/dubai/damac-hills/brookfield/,dubai/damac-hills/brookfield
"DAMAC Hills - Calero","DAMAC Hills","Calero","",0,https://www.bayut.com/for-sale/property/dubai/damac-hills/calero/,https://www.bayut.com/to-rent/property/dubai/damac-hills/calero/,dubai/damac-hills/calero
"DAMAC Hills - Club Villas","DAMAC Hills","Club Villas","",0,https://www.bayut.com/for-sale/property/dubai/damac-hills/club-villas/,https://www.bayut.com/to-rent/property/dubai/damac-hills/club-villas/,dubai/damac-hills/club-villas
"DAMAC Hills - Green Acres","DAMAC Hills","Green Acres","",0,https://www.bayut.com/for-sale/property/dubai/damac-hills/green-acres/,https://www.bayut.com/to-rent/property/dubai/damac-hills/green-acres/,dubai/damac-hills/green-acres
"DAMAC Hills - Jasmine","DAMAC Hills","Jasmine","",0,https://www.bayut.com/for-sale/property/dubai/damac-hills/jasmine/,https://www.bayut.com/to-rent/property/dubai/damac-hills/jasmine/,dubai/damac-hills/jasmine
"DAMAC Hills - Orchid","DAMAC Hills","Orchid","",0,https://www.bayut.com/for-sale/property/dubai/damac-hills/orchid/,https://www.bayut.com/to-rent/property/dubai/damac-hills/orchid/,dubai/damac-hills/orchid
"DAMAC Hills - Park Residences 1","DAMAC Hills","Park Residences 1","",0,https://www.bayut.com/for-sale/property/dubai/damac-hills/park-residences-1/,https://www.bayut.com/to-rent/property/dubai/damac-hills/park-residences-1/,dubai/damac-hills/park-residences-1
"DAMAC Hills - Park Residences 4","DAMAC Hills","Park Residences 4","",0,https://www.bayut.com/for-sale/property/dubai/damac-hills/park-residences-4/,https://www.bayut.com/to-rent/property/dubai/damac-hills/park-residences-4/,dubai/damac-hills/park-residences-4
"DAMAC Hills - Pelham","DAMAC Hills","Pelham","",0,https://www.bayut.com/for-sale/property/dubai/damac-hills/pelham/,https://www.bayut.com/to-rent/property/dubai/damac-hills/pelham/,dubai/damac-hills/pelham
"DAMAC Hills - Picadilly Green","DAMAC Hills","Picadilly Green","",0,https://www.bayut.com/for-sale/property/dubai/damac-hills/picadilly-green/,https://www.bayut.com/to-rent/property/dubai/damac-hills/picadilly-green/,dubai/damac-hills/picadilly-green
"DAMAC Hills - Queens Meadows","DAMAC Hills","Queens Meadows","",0,https://www.bayut.com/for-sale/property/dubai/damac-hills/queens-meadows/,https://www.bayut.com/to-rent/property/dubai/damac-hills/queens-meadows/,dubai/damac-hills/queens-meadows
"DAMAC Hills - Richmond","DAMAC Hills","Richmond","",0,https://www.bayut.com/for-sale/property/dubai/damac-hills/richmond/,https://www.bayut.com/to-rent/property/dubai/damac-hills/richmond/,dubai/damac-hills/richmond
"DAMAC Hills - Rockwood","DAMAC Hills","Rockwood","",0,https://www.bayut.com/for-sale/property/dubai/damac-hills/rockwood/,https://www.bayut.com/to-rent/property/dubai/damac-hills/rockwood/,dubai/damac-hills/rockwood
"DAMAC Hills - Silver Springs","DAMAC Hills","Silver Springs","",0,https://www.bayut.com/for-sale/property/dubai/damac-hills/silver-springs/,https://www.bayut.com/to-rent/property/dubai/damac-hills/silver-springs/,dubai/damac-hills/silver-springs
"DAMAC Hills - The Field","DAMAC Hills","The Field","",0,https://www.bayut.com/for-sale/property/dubai/damac-hills/the-field/,https://www.bayut.com/to-rent/property/dubai/damac-hills/the-field/,dubai/damac-hills/the-field
"DAMAC Hills - The Park Villas","DAMAC Hills","The Park Villas","",0,https://www.bayut.com/for-sale/property/dubai/damac-hills/the-park-villas/,https://www.bayut.com/to-rent/property/dubai/damac-hills/the-park-villas/,dubai/damac-hills/the-park-villas
"DAMAC Hills - Topanga","DAMAC Hills","Topanga","",0,https://www.bayut.com/for-sale/property/dubai/damac-hills/topanga/,https://www.bayut.com/to-rent/property/dubai/damac-hills/topanga/,dubai/damac-hills/topanga
"DAMAC Hills - Trinity","DAMAC Hills","Trinity","",0,https://www.bayut.com/for-sale/property/dubai/damac-hills/trinity/,https://www.bayut.com/to-rent/property/dubai/damac-hills/trinity/,dubai/damac-hills/trinity
"DAMAC Hills - Trump Estates","DAMAC Hills","Trump Estates","",0,https://www.bayut.com/for-sale/property/dubai/damac-hills/trump-estates/,https://www.bayut.com/to-rent/property/dubai/damac-hills/trump-estates/,dubai/damac-hills/trump-estates
"DAMAC Hills - Ventura","DAMAC Hills","Ventura","",0,https://www.bayut.com/for-sale/property/dubai/damac-hills/ventura/,https://www.bayut.com/to-rent/property/dubai/damac-hills/ventura/,dubai/damac-hills/ventura
"DAMAC Hills - Whitefield","DAMAC Hills","Whitefield","",0,https://www.bayut.com/for-sale/property/dubai/damac-hills/whitefield/,https://www.bayut.com/to-rent/property/dubai/damac-hills/whitefield/,dubai/damac-hills/whitefield
"Arabian Ranches","Arabian Ranches","(master)","",0,https://www.bayut.com/for-sale/property/dubai/arabian-ranches/,https://www.bayut.com/to-rent/property/dubai/arabian-ranches/,dubai/arabian-ranches
"Arabian Ranches - Al Mahra","Arabian Ranches","Al Mahra","",0,https://www.bayut.com/for-sale/property/dubai/arabian-ranches/al-mahra/,https://www.bayut.com/to-rent/property/dubai/arabian-ranches/al-mahra/,dubai/arabian-ranches/al-mahra
"Arabian Ranches - Al Reem","Arabian Ranches","Al Reem","",0,https://www.bayut.com/for-sale/property/dubai/arabian-ranches/al-reem/,https://www.bayut.com/to-rent/property/dubai/arabian-ranches/al-reem/,dubai/arabian-ranches/al-reem
"Arabian Ranches - Al Reem 1","Arabian Ranches","Al Reem 1","Al Reem",1,https://www.bayut.com/for-sale/property/dubai/arabian-ranches/al-reem/al-reem-1/,https://www.bayut.com/to-rent/property/dubai/arabian-ranches/al-reem/al-reem-1/,dubai/arabian-ranches/al-reem/al-reem-1
"Arabian Ranches - Al Reem 2","Arabian Ranches","Al Reem 2","Al Reem",1,https://www.bayut.com/for-sale/property/dubai/arabian-ranches/al-reem/al-reem-2/,https://www.bayut.com/to-rent/property/dubai/arabian-ranches/al-reem/al-reem-2/,dubai/arabian-ranches/al-reem/al-reem-2
"Arabian Ranches - Al Reem 3","Arabian Ranches","Al Reem 3","Al Reem",1,https://www.bayut.com/for-sale/property/dubai/arabian-ranches/al-reem/al-reem-3/,https://www.bayut.com/to-rent/property/dubai/arabian-ranches/al-reem/al-reem-3/,dubai/arabian-ranches/al-reem/al-reem-3
"Arabian Ranches - Alvorada","Arabian Ranches","Alvorada","",0,https://www.bayut.com/for-sale/property/dubai/arabian-ranches/alvorada/,https://www.bayut.com/to-rent/property/dubai/arabian-ranches/alvorada/,dubai/arabian-ranches/alvorada
"Arabian Ranches - Alvorada 1","Arabian Ranches","Alvorada 1","Alvorada",1,https://www.bayut.com/for-sale/property/dubai/arabian-ranches/alvorada/alvorada-1/,https://www.bayut.com/to-rent/property/dubai/arabian-ranches/alvorada/alvorada-1/,dubai/arabian-ranches/alvorada/alvorada-1
"Arabian Ranches - Alvorada 2","Arabian Ranches","Alvorada 2","Alvorada",1,https://www.bayut.com/for-sale/property/dubai/arabian-ranches/alvorada/alvorada-2/,https://www.bayut.com/to-rent/property/dubai/arabian-ranches/alvorada/alvorada-2/,dubai/arabian-ranches/alvorada/alvorada-2
"Arabian Ranches - Alvorada 3","Arabian Ranches","Alvorada 3","Alvorada",1,https://www.bayut.com/for-sale/property/dubai/arabian-ranches/alvorada/alvorada-3/,https://www.bayut.com/to-rent/property/dubai/arabian-ranches/alvorada/alvorada-3/,dubai/arabian-ranches/alvorada/alvorada-3
"Arabian Ranches - Alvorada 4","Arabian Ranches","Alvorada 4","Alvorada",1,https://www.bayut.com/for-sale/property/dubai/arabian-ranches/alvorada/alvorada-4/,https://www.bayut.com/to-rent/property/dubai/arabian-ranches/alvorada/alvorada-4/,dubai/arabian-ranches/alvorada/alvorada-4
"Arabian Ranches - Alma","Arabian Ranches","Alma","",0,https://www.bayut.com/for-sale/property/dubai/arabian-ranches/alma/,https://www.bayut.com/to-rent/property/dubai/arabian-ranches/alma/,dubai/arabian-ranches/alma
"Arabian Ranches - Alma 1","Arabian Ranches","Alma 1","Alma",1,https://www.bayut.com/for-sale/property/dubai/arabian-ranches/alma/alma-1/,https://www.bayut.com/to-rent/property/dubai/arabian-ranches/alma/alma-1/,dubai/arabian-ranches/alma/alma-1
"Arabian Ranches - Alma 2","Arabian Ranches","Alma 2","Alma",1,https://www.bayut.com/for-sale/property/dubai/arabian-ranches/alma/alma-2/,https://www.bayut.com/to-rent/property/dubai/arabian-ranches/alma/alma-2/,dubai/arabian-ranches/alma/alma-2
"Arabian Ranches - Aseel","Arabian Ranches","Aseel","",0,https://www.bayut.com/for-sale/property/dubai/arabian-ranches/aseel/,https://www.bayut.com/to-rent/property/dubai/arabian-ranches/aseel/,dubai/arabian-ranches/aseel
"Arabian Ranches - Hattan","Arabian Ranches","Hattan","",0,https://www.bayut.com/for-sale/property/dubai/arabian-ranches/hattan/,https://www.bayut.com/to-rent/property/dubai/arabian-ranches/hattan/,dubai/arabian-ranches/hattan
"Arabian Ranches - Hattan 1","Arabian Ranches","Hattan 1","Hattan",1,https://www.bayut.com/for-sale/property/dubai/arabian-ranches/hattan/hattan-1/,https://www.bayut.com/to-rent/property/dubai/arabian-ranches/hattan/hattan-1/,dubai/arabian-ranches/hattan/hattan-1
"Arabian Ranches - Hattan 2","Arabian Ranches","Hattan 2","Hattan",1,https://www.bayut.com/for-sale/property/dubai/arabian-ranches/hattan/hattan-2/,https://www.bayut.com/to-rent/property/dubai/arabian-ranches/hattan/hattan-2/,dubai/arabian-ranches/hattan/hattan-2
"Arabian Ranches - Hattan 3","Arabian Ranches","Hattan 3","Hattan",1,https://www.bayut.com/for-sale/property/dubai/arabian-ranches/hattan/hattan-3/,https://www.bayut.com/to-rent/property/dubai/arabian-ranches/hattan/hattan-3/,dubai/arabian-ranches/hattan/hattan-3
"Arabian Ranches - La Avenida","Arabian Ranches","La Avenida","",0,https://www.bayut.com/for-sale/property/dubai/arabian-ranches/la-avenida/,https://www.bayut.com/to-rent/property/dubai/arabian-ranches/la-avenida/,dubai/arabian-ranches/la-avenida
"Arabian Ranches - La Avenida 1","Arabian Ranches","La Avenida 1","La Avenida",1,https://www.bayut.com/for-sale/property/dubai/arabian-ranches/la-avenida/la-avenida-1/,https://www.bayut.com/to-rent/property/dubai/arabian-ranches/la-avenida/la-avenida-1/,dubai/arabian-ranches/la-avenida/la-avenida-1
"Arabian Ranches - La Avenida 2","Arabian Ranches","La Avenida 2","La Avenida",1,https://www.bayut.com/for-sale/property/dubai/arabian-ranches/la-avenida/la-avenida-2/,https://www.bayut.com/to-rent/property/dubai/arabian-ranches/la-avenida/la-avenida-2/,dubai/arabian-ranches/la-avenida/la-avenida-2
"Arabian Ranches - Mirador","Arabian Ranches","Mirador","",0,https://www.bayut.com/for-sale/property/dubai/arabian-ranches/mirador/,https://www.bayut.com/to-rent/property/dubai/arabian-ranches/mirador/,dubai/arabian-ranches/mirador
"Arabian Ranches - Mirador La Coleccion","Arabian Ranches","Mirador La Coleccion","",0,https://www.bayut.com/for-sale/property/dubai/arabian-ranches/mirador-la-coleccion/,https://www.bayut.com/to-rent/property/dubai/arabian-ranches/mirador-la-coleccion/,dubai/arabian-ranches/mirador-la-coleccion
"Arabian Ranches - Mirador La Coleccion 1","Arabian Ranches","Mirador La Coleccion 1","Mirador La Coleccion",1,https://www.bayut.com/for-sale/property/dubai/arabian-ranches/mirador-la-coleccion/mirador-la-coleccion-1/,https://www.bayut.com/to-rent/property/dubai/arabian-ranches/mirador-la-coleccion/mirador-la-coleccion-1/,dubai/arabian-ranches/mirador-la-coleccion/mirador-la-coleccion-1
"Arabian Ranches - Mirador La Coleccion 2","Arabian Ranches","Mirador La Coleccion 2","Mirador La Coleccion",1,https://www.bayut.com/for-sale/property/dubai/arabian-ranches/mirador-la-coleccion/mirador-la-coleccion-2/,https://www.bayut.com/to-rent/property/dubai/arabian-ranches/mirador-la-coleccion/mirador-la-coleccion-2/,dubai/arabian-ranches/mirador-la-coleccion/mirador-la-coleccion-2
"Arabian Ranches - Palmera","Arabian Ranches","Palmera","",0,https://www.bayut.com/for-sale/property/dubai/arabian-ranches/palmera/,https://www.bayut.com/to-rent/property/dubai/arabian-ranches/palmera/,dubai/arabian-ranches/palmera
"Arabian Ranches - Palmera 1","Arabian Ranches","Palmera 1","Palmera",1,https://www.bayut.com/for-sale/property/dubai/arabian-ranches/palmera/palmera-1/,https://www.bayut.com/to-rent/property/dubai/arabian-ranches/palmera/palmera-1/,dubai/arabian-ranches/palmera/palmera-1
"Arabian Ranches - Palmera 2","Arabian Ranches","Palmera 2","Palmera",1,https://www.bayut.com/for-sale/property/dubai/arabian-ranches/palmera/palmera-2/,https://www.bayut.com/to-rent/property/dubai/arabian-ranches/palmera/palmera-2/,dubai/arabian-ranches/palmera/palmera-2
"Arabian Ranches - Palmera 3","Arabian Ranches","Palmera 3","Palmera",1,https://www.bayut.com/for-sale/property/dubai/arabian-ranches/palmera/palmera-3/,https://www.bayut.com/to-rent/property/dubai/arabian-ranches/palmera/palmera-3/,dubai/arabian-ranches/palmera/palmera-3
"Arabian Ranches - Palmera 4","Arabian Ranches","Palmera 4","Palmera",1,https://www.bayut.com/for-sale/property/dubai/arabian-ranches/palmera/palmera-4/,https://www.bayut.com/to-rent/property/dubai/arabian-ranches/palmera/palmera-4/,dubai/arabian-ranches/palmera/palmera-4
"Arabian Ranches - Polo Homes","Arabian Ranches","Polo Homes","",0,https://www.bayut.com/for-sale/property/dubai/arabian-ranches/polo-homes/,https://www.bayut.com/to-rent/property/dubai/arabian-ranches/polo-homes/,dubai/arabian-ranches/polo-homes
"Arabian Ranches - Saheel","Arabian Ranches","Saheel","",0,https://www.bayut.com/for-sale/property/dubai/arabian-ranches/saheel/,https://www.bayut.com/to-rent/property/dubai/arabian-ranches/saheel/,dubai/arabian-ranches/saheel
"Arabian Ranches - Saheel 1","Arabian Ranches","Saheel 1","Saheel",1,https://www.bayut.com/for-sale/property/dubai/arabian-ranches/saheel/saheel-1/,https://www.bayut.com/to-rent/property/dubai/arabian-ranches/saheel/saheel-1/,dubai/arabian-ranches/saheel/saheel-1
"Arabian Ranches - Saheel 2","Arabian Ranches","Saheel 2","Saheel",1,https://www.bayut.com/for-sale/property/dubai/arabian-ranches/saheel/saheel-2/,https://www.bayut.com/to-rent/property/dubai/arabian-ranches/saheel/saheel-2/,dubai/arabian-ranches/saheel/saheel-2
"Arabian Ranches - Saheel 3","Arabian Ranches","Saheel 3","Saheel",1,https://www.bayut.com/for-sale/property/dubai/arabian-ranches/saheel/saheel-3/,https://www.bayut.com/to-rent/property/dubai/arabian-ranches/saheel/saheel-3/,dubai/arabian-ranches/saheel/saheel-3
"Arabian Ranches - Savannah","Arabian Ranches","Savannah","",0,https://www.bayut.com/for-sale/property/dubai/arabian-ranches/savannah/,https://www.bayut.com/to-rent/property/dubai/arabian-ranches/savannah/,dubai/arabian-ranches/savannah
"Arabian Ranches - Savannah 1","Arabian Ranches","Savannah 1","Savannah",1,https://www.bayut.com/for-sale/property/dubai/arabian-ranches/savannah/savannah-1/,https://www.bayut.com/to-rent/property/dubai/arabian-ranches/savannah/savannah-1/,dubai/arabian-ranches/savannah/savannah-1
"Arabian Ranches - Savannah 2","Arabian Ranches","Savannah 2","Savannah",1,https://www.bayut.com/for-sale/property/dubai/arabian-ranches/savannah/savannah-2/,https://www.bayut.com/to-rent/property/dubai/arabian-ranches/savannah/savannah-2/,dubai/arabian-ranches/savannah/savannah-2
"Arabian Ranches - Terra Nova","Arabian Ranches","Terra Nova","",0,https://www.bayut.com/for-sale/property/dubai/arabian-ranches/terra-nova/,https://www.bayut.com/to-rent/property/dubai/arabian-ranches/terra-nova/,dubai/arabian-ranches/terra-nova
"Arabian Ranches 2","Arabian Ranches 2","(master)","",0,https://www.bayut.com/for-sale/property/dubai/arabian-ranches-2/,https://www.bayut.com/to-rent/property/dubai/arabian-ranches-2/,dubai/arabian-ranches-2
"Arabian Ranches 2 - Azalea","Arabian Ranches 2","Azalea","",0,https://www.bayut.com/for-sale/property/dubai/arabian-ranches-2/azalea/,https://www.bayut.com/to-rent/property/dubai/arabian-ranches-2/azalea/,dubai/arabian-ranches-2/azalea
"Arabian Ranches 2 - Camelia","Arabian Ranches 2","Camelia","",0,https://www.bayut.com/for-sale/property/dubai/arabian-ranches-2/camelia/,https://www.bayut.com/to-rent/property/dubai/arabian-ranches-2/camelia/,dubai/arabian-ranches-2/camelia
"Arabian Ranches 2 - Casa","Arabian Ranches 2","Casa","",0,https://www.bayut.com/for-sale/property/dubai/arabian-ranches-2/casa/,https://www.bayut.com/to-rent/property/dubai/arabian-ranches-2/casa/,dubai/arabian-ranches-2/casa
"Arabian Ranches 2 - Lila","Arabian Ranches 2","Lila","",0,https://www.bayut.com/for-sale/property/dubai/arabian-ranches-2/lila/,https://www.bayut.com/to-rent/property/dubai/arabian-ranches-2/lila/,dubai/arabian-ranches-2/lila
"Arabian Ranches 2 - Palma","Arabian Ranches 2","Palma","",0,https://www.bayut.com/for-sale/property/dubai/arabian-ranches-2/palma/,https://www.bayut.com/to-rent/property/dubai/arabian-ranches-2/palma/,dubai/arabian-ranches-2/palma
"Arabian Ranches 2 - Rasha","Arabian Ranches 2","Rasha","",0,https://www.bayut.com/for-sale/property/dubai/arabian-ranches-2/rasha/,https://www.bayut.com/to-rent/property/dubai/arabian-ranches-2/rasha/,dubai/arabian-ranches-2/rasha
"Arabian Ranches 2 - Reem","Arabian Ranches 2","Reem","",0,https://www.bayut.com/for-sale/property/dubai/arabian-ranches-2/reem/,https://www.bayut.com/to-rent/property/dubai/arabian-ranches-2/reem/,dubai/arabian-ranches-2/reem
"Arabian Ranches 2 - Rosa","Arabian Ranches 2","Rosa","",0,https://www.bayut.com/for-sale/property/dubai/arabian-ranches-2/rosa/,https://www.bayut.com/to-rent/property/dubai/arabian-ranches-2/rosa/,dubai/arabian-ranches-2/rosa
"Arabian Ranches 2 - Samara","Arabian Ranches 2","Samara","",0,https://www.bayut.com/for-sale/property/dubai/arabian-ranches-2/samara/,https://www.bayut.com/to-rent/property/dubai/arabian-ranches-2/samara/,dubai/arabian-ranches-2/samara
"Arabian Ranches 2 - Yasmin","Arabian Ranches 2","Yasmin","",0,https://www.bayut.com/for-sale/property/dubai/arabian-ranches-2/yasmin/,https://www.bayut.com/to-rent/property/dubai/arabian-ranches-2/yasmin/,dubai/arabian-ranches-2/yasmin
"Arabian Ranches 3","Arabian Ranches 3","(master)","",0,https://www.bayut.com/for-sale/property/dubai/arabian-ranches-3/,https://www.bayut.com/to-rent/property/dubai/arabian-ranches-3/,dubai/arabian-ranches-3
"Arabian Ranches 3 - Anya","Arabian Ranches 3","Anya","",0,https://www.bayut.com/for-sale/property/dubai/arabian-ranches-3/anya/,https://www.bayut.com/to-rent/property/dubai/arabian-ranches-3/anya/,dubai/arabian-ranches-3/anya
"Arabian Ranches 3 - Anya 2","Arabian Ranches 3","Anya 2","",0,https://www.bayut.com/for-sale/property/dubai/arabian-ranches-3/anya-2/,https://www.bayut.com/to-rent/property/dubai/arabian-ranches-3/anya-2/,dubai/arabian-ranches-3/anya-2
"Arabian Ranches 3 - Bliss","Arabian Ranches 3","Bliss","",0,https://www.bayut.com/for-sale/property/dubai/arabian-ranches-3/bliss/,https://www.bayut.com/to-rent/property/dubai/arabian-ranches-3/bliss/,dubai/arabian-ranches-3/bliss
"Arabian Ranches 3 - Bliss 2","Arabian Ranches 3","Bliss 2","",0,https://www.bayut.com/for-sale/property/dubai/arabian-ranches-3/bliss-2/,https://www.bayut.com/to-rent/property/dubai/arabian-ranches-3/bliss-2/,dubai/arabian-ranches-3/bliss-2
"Arabian Ranches 3 - Caya","Arabian Ranches 3","Caya","",0,https://www.bayut.com/for-sale/property/dubai/arabian-ranches-3/caya/,https://www.bayut.com/to-rent/property/dubai/arabian-ranches-3/caya/,dubai/arabian-ranches-3/caya
"Arabian Ranches 3 - Elie Saab","Arabian Ranches 3","Elie Saab","",0,https://www.bayut.com/for-sale/property/dubai/arabian-ranches-3/elie-saab/,https://www.bayut.com/to-rent/property/dubai/arabian-ranches-3/elie-saab/,dubai/arabian-ranches-3/elie-saab
"Arabian Ranches 3 - Elie Saab 1","Arabian Ranches 3","Elie Saab 1","Elie Saab",1,https://www.bayut.com/for-sale/property/dubai/arabian-ranches-3/elie-saab/elie-saab-1/,https://www.bayut.com/to-rent/property/dubai/arabian-ranches-3/elie-saab/elie-saab-1/,dubai/arabian-ranches-3/elie-saab/elie-saab-1
"Arabian Ranches 3 - Elie Saab 2","Arabian Ranches 3","Elie Saab 2","Elie Saab",1,https://www.bayut.com/for-sale/property/dubai/arabian-ranches-3/elie-saab/elie-saab-2/,https://www.bayut.com/to-rent/property/dubai/arabian-ranches-3/elie-saab/elie-saab-2/,dubai/arabian-ranches-3/elie-saab/elie-saab-2
"Arabian Ranches 3 - Joy","Arabian Ranches 3","Joy","",0,https://www.bayut.com/for-sale/property/dubai/arabian-ranches-3/joy/,https://www.bayut.com/to-rent/property/dubai/arabian-ranches-3/joy/,dubai/arabian-ranches-3/joy
"Arabian Ranches 3 - June","Arabian Ranches 3","June","",0,https://www.bayut.com/for-sale/property/dubai/arabian-ranches-3/june/,https://www.bayut.com/to-rent/property/dubai/arabian-ranches-3/june/,dubai/arabian-ranches-3/june
"Arabian Ranches 3 - May","Arabian Ranches 3","May","",0,https://www.bayut.com/for-sale/property/dubai/arabian-ranches-3/may/,https://www.bayut.com/to-rent/property/dubai/arabian-ranches-3/may/,dubai/arabian-ranches-3/may
"Arabian Ranches 3 - Raya","Arabian Ranches 3","Raya","",0,https://www.bayut.com/for-sale/property/dubai/arabian-ranches-3/raya/,https://www.bayut.com/to-rent/property/dubai/arabian-ranches-3/raya/,dubai/arabian-ranches-3/raya
"Arabian Ranches 3 - Ruba","Arabian Ranches 3","Ruba","",0,https://www.bayut.com/for-sale/property/dubai/arabian-ranches-3/ruba/,https://www.bayut.com/to-rent/property/dubai/arabian-ranches-3/ruba/,dubai/arabian-ranches-3/ruba
"Arabian Ranches 3 - Spring","Arabian Ranches 3","Spring","",0,https://www.bayut.com/for-sale/property/dubai/arabian-ranches-3/spring/,https://www.bayut.com/to-rent/property/dubai/arabian-ranches-3/spring/,dubai/arabian-ranches-3/spring
"Arabian Ranches 3 - Sun","Arabian Ranches 3","Sun","",0,https://www.bayut.com/for-sale/property/dubai/arabian-ranches-3/sun/,https://www.bayut.com/to-rent/property/dubai/arabian-ranches-3/sun/,dubai/arabian-ranches-3/sun
"Mudon","Mudon","(master)","",0,https://www.bayut.com/for-sale/property/dubai/mudon/,https://www.bayut.com/to-rent/property/dubai/mudon/,dubai/mudon
"Mudon - Al Salam","Mudon","Al Salam","",0,https://www.bayut.com/for-sale/property/dubai/mudon/al-salam/,https://www.bayut.com/to-rent/property/dubai/mudon/al-salam/,dubai/mudon/al-salam
"Mudon - Arabella Townhouses","Mudon","Arabella Townhouses","",0,https://www.bayut.com/for-sale/property/dubai/mudon/arabella-townhouses/,https://www.bayut.com/to-rent/property/dubai/mudon/arabella-townhouses/,dubai/mudon/arabella-townhouses
"Mudon - Arabella 1","Mudon","Arabella 1","Arabella Townhouses",1,https://www.bayut.com/for-sale/property/dubai/mudon/arabella-townhouses/arabella-1/,https://www.bayut.com/to-rent/property/dubai/mudon/arabella-townhouses/arabella-1/,dubai/mudon/arabella-townhouses/arabella-1
"Mudon - Arabella 2","Mudon","Arabella 2","Arabella Townhouses",1,https://www.bayut.com/for-sale/property/dubai/mudon/arabella-townhouses/arabella-2/,https://www.bayut.com/to-rent/property/dubai/mudon/arabella-townhouses/arabella-2/,dubai/mudon/arabella-townhouses/arabella-2
"Mudon - Arabella 3","Mudon","Arabella 3","Arabella Townhouses",1,https://www.bayut.com/for-sale/property/dubai/mudon/arabella-townhouses/arabella-3/,https://www.bayut.com/to-rent/property/dubai/mudon/arabella-townhouses/arabella-3/,dubai/mudon/arabella-townhouses/arabella-3
"Mudon - Mudon Al Ranim","Mudon","Mudon Al Ranim","",0,https://www.bayut.com/for-sale/property/dubai/mudon/mudon-al-ranim/,https://www.bayut.com/to-rent/property/dubai/mudon/mudon-al-ranim/,dubai/mudon/mudon-al-ranim
"Mudon - Mudon Al Ranim 1","Mudon","Mudon Al Ranim 1","Mudon Al Ranim",1,https://www.bayut.com/for-sale/property/dubai/mudon/mudon-al-ranim/mudon-al-ranim-1/,https://www.bayut.com/to-rent/property/dubai/mudon/mudon-al-ranim/mudon-al-ranim-1/,dubai/mudon/mudon-al-ranim/mudon-al-ranim-1
"Mudon - Mudon Al Ranim 2","Mudon","Mudon Al Ranim 2","Mudon Al Ranim",1,https://www.bayut.com/for-sale/property/dubai/mudon/mudon-al-ranim/mudon-al-ranim-2/,https://www.bayut.com/to-rent/property/dubai/mudon/mudon-al-ranim/mudon-al-ranim-2/,dubai/mudon/mudon-al-ranim/mudon-al-ranim-2
"Mudon - Mudon Al Ranim 3","Mudon","Mudon Al Ranim 3","Mudon Al Ranim",1,https://www.bayut.com/for-sale/property/dubai/mudon/mudon-al-ranim/mudon-al-ranim-3/,https://www.bayut.com/to-rent/property/dubai/mudon/mudon-al-ranim/mudon-al-ranim-3/,dubai/mudon/mudon-al-ranim/mudon-al-ranim-3
"Mudon - Mudon Al Ranim 4","Mudon","Mudon Al Ranim 4","Mudon Al Ranim",1,https://www.bayut.com/for-sale/property/dubai/mudon/mudon-al-ranim/mudon-al-ranim-4/,https://www.bayut.com/to-rent/property/dubai/mudon/mudon-al-ranim/mudon-al-ranim-4/,dubai/mudon/mudon-al-ranim/mudon-al-ranim-4
"Mudon - Mudon Al Ranim 5","Mudon","Mudon Al Ranim 5","Mudon Al Ranim",1,https://www.bayut.com/for-sale/property/dubai/mudon/mudon-al-ranim/mudon-al-ranim-5/,https://www.bayut.com/to-rent/property/dubai/mudon/mudon-al-ranim/mudon-al-ranim-5/,dubai/mudon/mudon-al-ranim/mudon-al-ranim-5
"Mudon - Mudon Al Ranim 6","Mudon","Mudon Al Ranim 6","Mudon Al Ranim",1,https://www.bayut.com/for-sale/property/dubai/mudon/mudon-al-ranim/mudon-al-ranim-6/,https://www.bayut.com/to-rent/property/dubai/mudon/mudon-al-ranim/mudon-al-ranim-6/,dubai/mudon/mudon-al-ranim/mudon-al-ranim-6
"Mudon - Mudon Al Ranim 7","Mudon","Mudon Al Ranim 7","Mudon Al Ranim",1,https://www.bayut.com/for-sale/property/dubai/mudon/mudon-al-ranim/mudon-al-ranim-7/,https://www.bayut.com/to-rent/property/dubai/mudon/mudon-al-ranim/mudon-al-ranim-7/,dubai/mudon/mudon-al-ranim/mudon-al-ranim-7
"Mudon - Mudon Al Ranim 8","Mudon","Mudon Al Ranim 8","Mudon Al Ranim",1,https://www.bayut.com/for-sale/property/dubai/mudon/mudon-al-ranim/mudon-al-ranim-8/,https://www.bayut.com/to-rent/property/dubai/mudon/mudon-al-ranim/mudon-al-ranim-8/,dubai/mudon/mudon-al-ranim/mudon-al-ranim-8
"Mudon - Naseem","Mudon","Naseem","",0,https://www.bayut.com/for-sale/property/dubai/mudon/naseem/,https://www.bayut.com/to-rent/property/dubai/mudon/naseem/,dubai/mudon/naseem
"Mudon - Rahat","Mudon","Rahat","",0,https://www.bayut.com/for-sale/property/dubai/mudon/rahat/,https://www.bayut.com/to-rent/property/dubai/mudon/rahat/,dubai/mudon/rahat
"Tilal Al Ghaf","Tilal Al Ghaf","(master)","",0,https://www.bayut.com/for-sale/property/dubai/tilal-al-ghaf/,https://www.bayut.com/to-rent/property/dubai/tilal-al-ghaf/,dubai/tilal-al-ghaf
"Tilal Al Ghaf - Harmony","Tilal Al Ghaf","Harmony","",0,https://www.bayut.com/for-sale/property/dubai/tilal-al-ghaf/harmony/,https://www.bayut.com/to-rent/property/dubai/tilal-al-ghaf/harmony/,dubai/tilal-al-ghaf/harmony
"Tilal Al Ghaf - Harmony 1","Tilal Al Ghaf","Harmony 1","Harmony",1,https://www.bayut.com/for-sale/property/dubai/tilal-al-ghaf/harmony/harmony-1/,https://www.bayut.com/to-rent/property/dubai/tilal-al-ghaf/harmony/harmony-1/,dubai/tilal-al-ghaf/harmony/harmony-1
"Tilal Al Ghaf - Harmony 2","Tilal Al Ghaf","Harmony 2","Harmony",1,https://www.bayut.com/for-sale/property/dubai/tilal-al-ghaf/harmony/harmony-2/,https://www.bayut.com/to-rent/property/dubai/tilal-al-ghaf/harmony/harmony-2/,dubai/tilal-al-ghaf/harmony/harmony-2
"Tilal Al Ghaf - Harmony 3","Tilal Al Ghaf","Harmony 3","Harmony",1,https://www.bayut.com/for-sale/property/dubai/tilal-al-ghaf/harmony/harmony-3/,https://www.bayut.com/to-rent/property/dubai/tilal-al-ghaf/harmony/harmony-3/,dubai/tilal-al-ghaf/harmony/harmony-3
"Tilal Al Ghaf - Elan","Tilal Al Ghaf","Elan","",0,https://www.bayut.com/for-sale/property/dubai/tilal-al-ghaf/elan/,https://www.bayut.com/to-rent/property/dubai/tilal-al-ghaf/elan/,dubai/tilal-al-ghaf/elan
"Tilal Al Ghaf - Aura Gardens","Tilal Al Ghaf","Aura Gardens","",0,https://www.bayut.com/for-sale/property/dubai/tilal-al-ghaf/aura-gardens/,https://www.bayut.com/to-rent/property/dubai/tilal-al-ghaf/aura-gardens/,dubai/tilal-al-ghaf/aura-gardens
"Dubai Hills Estate","Dubai Hills Estate","(master)","",0,https://www.bayut.com/for-sale/property/dubai/dubai-hills-estate/,https://www.bayut.com/to-rent/property/dubai/dubai-hills-estate/,dubai/dubai-hills-estate
"Dubai Hills Estate - Maple","Dubai Hills Estate","Maple","",0,https://www.bayut.com/for-sale/property/dubai/dubai-hills-estate/maple/,https://www.bayut.com/to-rent/property/dubai/dubai-hills-estate/maple/,dubai/dubai-hills-estate/maple
"Dubai Hills Estate - Maple 1","Dubai Hills Estate","Maple 1","Maple",1,https://www.bayut.com/for-sale/property/dubai/dubai-hills-estate/maple/maple-1/,https://www.bayut.com/to-rent/property/dubai/dubai-hills-estate/maple/maple-1/,dubai/dubai-hills-estate/maple/maple-1
"Dubai Hills Estate - Maple 2","Dubai Hills Estate","Maple 2","Maple",1,https://www.bayut.com/for-sale/property/dubai/dubai-hills-estate/maple/maple-2/,https://www.bayut.com/to-rent/property/dubai/dubai-hills-estate/maple/maple-2/,dubai/dubai-hills-estate/maple/maple-2
"Dubai Hills Estate - Maple 3","Dubai Hills Estate","Maple 3","Maple",1,https://www.bayut.com/for-sale/property/dubai/dubai-hills-estate/maple/maple-3/,https://www.bayut.com/to-rent/property/dubai/dubai-hills-estate/maple/maple-3/,dubai/dubai-hills-estate/maple/maple-3
"Dubai Hills Estate - Sidra Villas","Dubai Hills Estate","Sidra Villas","",0,https://www.bayut.com/for-sale/property/dubai/dubai-hills-estate/sidra-villas/,https://www.bayut.com/to-rent/property/dubai/dubai-hills-estate/sidra-villas/,dubai/dubai-hills-estate/sidra-villas
"Dubai Hills Estate - Sidra 1","Dubai Hills Estate","Sidra 1","Sidra Villas",1,https://www.bayut.com/for-sale/property/dubai/dubai-hills-estate/sidra-villas/sidra-1/,https://www.bayut.com/to-rent/property/dubai/dubai-hills-estate/sidra-villas/sidra-1/,dubai/dubai-hills-estate/sidra-villas/sidra-1
"Dubai Hills Estate - Sidra 2","Dubai Hills Estate","Sidra 2","Sidra Villas",1,https://www.bayut.com/for-sale/property/dubai/dubai-hills-estate/sidra-villas/sidra-2/,https://www.bayut.com/to-rent/property/dubai/dubai-hills-estate/sidra-villas/sidra-2/,dubai/dubai-hills-estate/sidra-villas/sidra-2
"Dubai Hills Estate - Sidra 3","Dubai Hills Estate","Sidra 3","Sidra Villas",1,https://www.bayut.com/for-sale/property/dubai/dubai-hills-estate/sidra-villas/sidra-3/,https://www.bayut.com/to-rent/property/dubai/dubai-hills-estate/sidra-villas/sidra-3/,dubai/dubai-hills-estate/sidra-villas/sidra-3
"Dubai Hills Estate - Golf Place","Dubai Hills Estate","Golf Place","",0,https://www.bayut.com/for-sale/property/dubai/dubai-hills-estate/golf-place/,https://www.bayut.com/to-rent/property/dubai/dubai-hills-estate/golf-place/,dubai/dubai-hills-estate/golf-place
"Dubai Hills Estate - Golf Place 1","Dubai Hills Estate","Golf Place 1","Golf Place",1,https://www.bayut.com/for-sale/property/dubai/dubai-hills-estate/golf-place/golf-place-1/,https://www.bayut.com/to-rent/property/dubai/dubai-hills-estate/golf-place/golf-place-1/,dubai/dubai-hills-estate/golf-place/golf-place-1
"Dubai Hills Estate - Golf Place 2","Dubai Hills Estate","Golf Place 2","Golf Place",1,https://www.bayut.com/for-sale/property/dubai/dubai-hills-estate/golf-place/golf-place-2/,https://www.bayut.com/to-rent/property/dubai/dubai-hills-estate/golf-place/golf-place-2/,dubai/dubai-hills-estate/golf-place/golf-place-2
"Dubai Hills Estate - Golf Place Terraces","Dubai Hills Estate","Golf Place Terraces","",0,https://www.bayut.com/for-sale/property/dubai/dubai-hills-estate/golf-place-terraces/,https://www.bayut.com/to-rent/property/dubai/dubai-hills-estate/golf-place-terraces/,dubai/dubai-hills-estate/golf-place-terraces
"Dubai Hills Estate - Golf Grove","Dubai Hills Estate","Golf Grove","",0,https://www.bayut.com/for-sale/property/dubai/dubai-hills-estate/golf-grove/,https://www.bayut.com/to-rent/property/dubai/dubai-hills-estate/golf-grove/,dubai/dubai-hills-estate/golf-grove
"Dubai Hills Estate - Club Villas","Dubai Hills Estate","Club Villas","",0,https://www.bayut.com/for-sale/property/dubai/dubai-hills-estate/club-villas/,https://www.bayut.com/to-rent/property/dubai/dubai-hills-estate/club-villas/,dubai/dubai-hills-estate/club-villas
"Dubai Hills Estate - Fairway Vistas","Dubai Hills Estate","Fairway Vistas","",0,https://www.bayut.com/for-sale/property/dubai/dubai-hills-estate/fairway-vistas/,https://www.bayut.com/to-rent/property/dubai/dubai-hills-estate/fairway-vistas/,dubai/dubai-hills-estate/fairway-vistas
"Dubai Hills Estate - Parkway Vistas","Dubai Hills Estate","Parkway Vistas","",0,https://www.bayut.com/for-sale/property/dubai/dubai-hills-estate/parkway-vistas/,https://www.bayut.com/to-rent/property/dubai/dubai-hills-estate/parkway-vistas/,dubai/dubai-hills-estate/parkway-vistas
"Dubai Hills Estate - Majestic Vistas","Dubai Hills Estate","Majestic Vistas","",0,https://www.bayut.com/for-sale/property/dubai/dubai-hills-estate/majestic-vistas/,https://www.bayut.com/to-rent/property/dubai/dubai-hills-estate/majestic-vistas/,dubai/dubai-hills-estate/majestic-vistas
"Dubai Hills Estate - Emerald Hills","Dubai Hills Estate","Emerald Hills","",0,https://www.bayut.com/for-sale/property/dubai/dubai-hills-estate/emerald-hills/,https://www.bayut.com/to-rent/property/dubai/dubai-hills-estate/emerald-hills/,dubai/dubai-hills-estate/emerald-hills
"Villanova","Villanova","(master)","",0,https://www.bayut.com/for-sale/property/dubai/dubailand/villanova/,https://www.bayut.com/to-rent/property/dubai/dubailand/villanova/,dubai/dubailand/villanova
"Villanova - Amaranta","Villanova","Amaranta","",0,https://www.bayut.com/for-sale/property/dubai/dubailand/villanova/amaranta/,https://www.bayut.com/to-rent/property/dubai/dubailand/villanova/amaranta/,dubai/dubailand/villanova/amaranta
"Villanova - Amaranta 1","Villanova","Amaranta 1","Amaranta",1,https://www.bayut.com/for-sale/property/dubai/dubailand/villanova/amaranta/amaranta-1/,https://www.bayut.com/to-rent/property/dubai/dubailand/villanova/amaranta/amaranta-1/,dubai/dubailand/villanova/amaranta/amaranta-1
"Villanova - Amaranta 2","Villanova","Amaranta 2","Amaranta",1,https://www.bayut.com/for-sale/property/dubai/dubailand/villanova/amaranta/amaranta-2/,https://www.bayut.com/to-rent/property/dubai/dubailand/villanova/amaranta/amaranta-2/,dubai/dubailand/villanova/amaranta/amaranta-2
"Villanova - Amaranta 3","Villanova","Amaranta 3","Amaranta",1,https://www.bayut.com/for-sale/property/dubai/dubailand/villanova/amaranta/amaranta-3/,https://www.bayut.com/to-rent/property/dubai/dubailand/villanova/amaranta/amaranta-3/,dubai/dubailand/villanova/amaranta/amaranta-3
"Villanova - Amaranta 4","Villanova","Amaranta 4","Amaranta",1,https://www.bayut.com/for-sale/property/dubai/dubailand/villanova/amaranta/amaranta-4/,https://www.bayut.com/to-rent/property/dubai/dubailand/villanova/amaranta/amaranta-4/,dubai/dubailand/villanova/amaranta/amaranta-4
"Villanova - La Quinta","Villanova","La Quinta","",0,https://www.bayut.com/for-sale/property/dubai/dubailand/villanova/la-quinta/,https://www.bayut.com/to-rent/property/dubai/dubailand/villanova/la-quinta/,dubai/dubailand/villanova/la-quinta
"Villanova - La Rosa","Villanova","La Rosa","",0,https://www.bayut.com/for-sale/property/dubai/dubailand/villanova/la-rosa/,https://www.bayut.com/to-rent/property/dubai/dubailand/villanova/la-rosa/,dubai/dubailand/villanova/la-rosa
"Villanova - La Rosa 1","Villanova","La Rosa 1","La Rosa",1,https://www.bayut.com/for-sale/property/dubai/dubailand/villanova/la-rosa/la-rosa-1/,https://www.bayut.com/to-rent/property/dubai/dubailand/villanova/la-rosa/la-rosa-1/,dubai/dubailand/villanova/la-rosa/la-rosa-1
"Villanova - La Rosa 2","Villanova","La Rosa 2","La Rosa",1,https://www.bayut.com/for-sale/property/dubai/dubailand/villanova/la-rosa/la-rosa-2/,https://www.bayut.com/to-rent/property/dubai/dubailand/villanova/la-rosa/la-rosa-2/,dubai/dubailand/villanova/la-rosa/la-rosa-2
"Villanova - La Rosa 3","Villanova","La Rosa 3","La Rosa",1,https://www.bayut.com/for-sale/property/dubai/dubailand/villanova/la-rosa/la-rosa-3/,https://www.bayut.com/to-rent/property/dubai/dubailand/villanova/la-rosa/la-rosa-3/,dubai/dubailand/villanova/la-rosa/la-rosa-3
"Villanova - La Rosa 4","Villanova","La Rosa 4","La Rosa",1,https://www.bayut.com/for-sale/property/dubai/dubailand/villanova/la-rosa/la-rosa-4/,https://www.bayut.com/to-rent/property/dubai/dubailand/villanova/la-rosa/la-rosa-4/,dubai/dubailand/villanova/la-rosa/la-rosa-4
"Villanova - La Rosa 5","Villanova","La Rosa 5","La Rosa",1,https://www.bayut.com/for-sale/property/dubai/dubailand/villanova/la-rosa/la-rosa-5/,https://www.bayut.com/to-rent/property/dubai/dubailand/villanova/la-rosa/la-rosa-5/,dubai/dubailand/villanova/la-rosa/la-rosa-5
"Villanova - La Rosa 6","Villanova","La Rosa 6","La Rosa",1,https://www.bayut.com/for-sale/property/dubai/dubailand/villanova/la-rosa/la-rosa-6/,https://www.bayut.com/to-rent/property/dubai/dubailand/villanova/la-rosa/la-rosa-6/,dubai/dubailand/villanova/la-rosa/la-rosa-6
"Villanova - La Tilia","Villanova","La Tilia","",0,https://www.bayut.com/for-sale/property/dubai/dubailand/villanova/la-tilia/,https://www.bayut.com/to-rent/property/dubai/dubailand/villanova/la-tilia/,dubai/dubailand/villanova/la-tilia
"Villanova - La Violeta","Villanova","La Violeta","",0,https://www.bayut.com/for-sale/property/dubai/dubailand/villanova/la-violeta/,https://www.bayut.com/to-rent/property/dubai/dubailand/villanova/la-violeta/,dubai/dubailand/villanova/la-violeta
"Villanova - La Violeta 1","Villanova","La Violeta 1","La Violeta",1,https://www.bayut.com/for-sale/property/dubai/dubailand/villanova/la-violeta/la-violeta-1/,https://www.bayut.com/to-rent/property/dubai/dubailand/villanova/la-violeta/la-violeta-1/,dubai/dubailand/villanova/la-violeta/la-violeta-1
"Villanova - La Violeta 2","Villanova","La Violeta 2","La Violeta",1,https://www.bayut.com/for-sale/property/dubai/dubailand/villanova/la-violeta/la-violeta-2/,https://www.bayut.com/to-rent/property/dubai/dubailand/villanova/la-violeta/la-violeta-2/,dubai/dubailand/villanova/la-violeta/la-violeta-2
"Villanova - The Aldea","Villanova","The Aldea","",0,https://www.bayut.com/for-sale/property/dubai/dubailand/villanova/the-aldea/,https://www.bayut.com/to-rent/property/dubai/dubailand/villanova/the-aldea/,dubai/dubailand/villanova/the-aldea
