community,url
"Town Square",https://www.bayut.com/for-sale/property/dubai/town-square/
"Town Square",https://www.bayut.com/to-rent/property/dubai/town-square/
"Town Square - Hayat Townhouses",https://www.bayut.com/for-sale/property/dubai/town-square/hayat-townhouses/
"Town Square - Hayat Townhouses",https://www.bayut.com/to-rent/property/dubai/town-square/hayat-townhouses/
"Town Square - Kaya",https://www.bayut.com/for-sale/property/dubai/town-square/kaya/
"Town Square - Kaya",https://www.bayut.com/to-rent/property/dubai/town-square/kaya/
"Town Square - Maha Townhouses",https://www.bayut.com/for-sale/property/dubai/town-square/maha-townhouses/
"Town Square - Maha Townhouses",https://www.bayut.com/to-rent/property/dubai/town-square/maha-townhouses/
"Town Square - Naseem Townhouses",https://www.bayut.com/for-sale/property/dubai/town-square/naseem-townhouses/
"Town Square - Naseem Townhouses",https://www.bayut.com/to-rent/property/dubai/town-square/naseem-townhouses/
"Town Square - Noor Townhouses",https://www.bayut.com/for-sale/property/dubai/town-square/noor-townhouses/
"Town Square - Noor Townhouses",https://www.bayut.com/to-rent/property/dubai/town-square/noor-townhouses/
"Town Square - Reem Townhouses",https://www.bayut.com/for-sale/property/dubai/town-square/reem-townhouses/
"Town Square - Reem Townhouses",https://www.bayut.com/to-rent/property/dubai/town-square/reem-townhouses/
"Town Square - Safi Townhouses",https://www.bayut.com/for-sale/property/dubai/town-square/safi-townhouses/
"Town Square - Safi Townhouses",https://www.bayut.com/to-rent/property/dubai/town-square/safi-townhouses/
"Town Square - Sama Townhouses",https://www.bayut.com/for-sale/property/dubai/town-square/sama-townhouses/
"Town Square - Sama Townhouses",https://www.bayut.com/to-rent/property/dubai/town-square/sama-townhouses/
"Town Square - Shams Townhouses",https://www.bayut.com/for-sale/property/dubai/town-square/shams-townhouses/
"Town Square - Shams Townhouses",https://www.bayut.com/to-rent/property/dubai/town-square/shams-townhouses/
"Town Square - Zahra Townhouses",https://www.bayut.com/for-sale/property/dubai/town-square/zahra-townhouses/
"Town Square - Zahra Townhouses",https://www.bayut.com/to-rent/property/dubai/town-square/zahra-townhouses/
"DAMAC Hills",https://www.bayut.com/for-sale/property/dubai/damac-hills/
"DAMAC Hills",https://www.bayut.com/to-rent/property/dubai/damac-hills/
"DAMAC Hills - Akoya Park",https://www.bayut.com/for-sale/property/dubai/damac-hills/akoya-park/
"DAMAC Hills - Akoya Park",https://www.bayut.com/to-rent/property/dubai/damac-hills/akoya-park/
"DAMAC Hills - Brookfield",https://www.bayut.com/for-sale/property/dubai/damac-hills/brookfield/
"DAMAC Hills - Brookfield",https://www.bayut.com/to-rent/property/dubai/damac-hills/brookfield/
"DAMAC Hills - Calero",https://www.bayut.com/for-sale/property/dubai/damac-hills/calero/
"DAMAC Hills - Calero",https://www.bayut.com/to-rent/property/dubai/damac-hills/calero/
"DAMAC Hills - Club Villas",https://www.bayut.com/for-sale/property/dubai/damac-hills/club-villas/
"DAMAC Hills - Club Villas",https://www.bayut.com/to-rent/property/dubai/damac-hills/club-villas/
"DAMAC Hills - Green Acres",https://www.bayut.com/for-sale/property/dubai/damac-hills/green-acres/
"DAMAC Hills - Green Acres",https://www.bayut.com/to-rent/property/dubai/damac-hills/green-acres/
"DAMAC Hills - Jasmine",https://www.bayut.com/for-sale/property/dubai/damac-hills/jasmine/
"DAMAC Hills - Jasmine",https://www.bayut.com/to-rent/property/dubai/damac-hills/jasmine/
"DAMAC Hills - Orchid",https://www.bayut.com/for-sale/property/dubai/damac-hills/orchid/
"DAMAC Hills - Orchid",https://www.bayut.com/to-rent/property/dubai/damac-hills/orchid/
"DAMAC Hills - Park Residences 1",https://www.bayut.com/for-sale/property/dubai/damac-hills/park-residences-1/
"DAMAC Hills - Park Residences 1",https://www.bayut.com/to-rent/property/dubai/damac-hills/park-residences-1/
"DAMAC Hills - Park Residences 4",https://www.bayut.com/for-sale/property/dubai/damac-hills/park-residences-4/
"DAMAC Hills - Park Residences 4",https://www.bayut.com/to-rent/property/dubai/damac-hills/park-residences-4/
"DAMAC Hills - Pelham",https://www.bayut.com/for-sale/property/dubai/damac-hills/pelham/
"DAMAC Hills - Pelham",https://www.bayut.com/to-rent/property/dubai/damac-hills/pelham/
"DAMAC Hills - Picadilly Green",https://www.bayut.com/for-sale/property/dubai/damac-hills/picadilly-green/
"DAMAC Hills - Picadilly Green",https://www.bayut.com/to-rent/property/dubai/damac-hills/picadilly-green/
"DAMAC Hills - Queens Meadows",https://www.bayut.com/for-sale/property/dubai/damac-hills/queens-meadows/
"DAMAC Hills - Queens Meadows",https://www.bayut.com/to-rent/property/dubai/damac-hills/queens-meadows/
"DAMAC Hills - Richmond",https://www.bayut.com/for-sale/property/dubai/damac-hills/richmond/
"DAMAC Hills - Richmond",https://www.bayut.com/to-rent/property/dubai/damac-hills/richmond/
"DAMAC Hills - Rockwood",https://www.bayut.com/for-sale/property/dubai/damac-hills/rockwood/
"DAMAC Hills - Rockwood",https://www.bayut.com/to-rent/property/dubai/damac-hills/rockwood/
"DAMAC Hills - Silver Springs",https://www.bayut.com/for-sale/property/dubai/damac-hills/silver-springs/
"DAMAC Hills - Silver Springs",https://www.bayut.com/to-rent/property/dubai/damac-hills/silver-springs/
"DAMAC Hills - The Field",https://www.bayut.com/for-sale/property/dubai/damac-hills/the-field/
"DAMAC Hills - The Field",https://www.bayut.com/to-rent/property/dubai/damac-hills/the-field/
"DAMAC Hills - The Park Villas",https://www.bayut.com/for-sale/property/dubai/damac-hills/the-park-villas/
"DAMAC Hills - The Park Villas",https://www.bayut.com/to-rent/property/dubai/damac-hills/the-park-villas/
"DAMAC Hills - Topanga",https://www.bayut.com/for-sale/property/dubai/damac-hills/topanga/
"DAMAC Hills - Topanga",https://www.bayut.com/to-rent/property/dubai/damac-hills/topanga/
"DAMAC Hills - Trinity",https://www.bayut.com/for-sale/property/dubai/damac-hills/trinity/
"DAMAC Hills - Trinity",https://www.bayut.com/to-rent/property/dubai/damac-hills/trinity/
"DAMAC Hills - Trump Estates",https://www.bayut.com/for-sale/property/dubai/damac-hills/trump-estates/
"DAMAC Hills - Trump Estates",https://www.bayut.com/to-rent/property/dubai/damac-hills/trump-estates/
"DAMAC Hills - Ventura",https://www.bayut.com/for-sale/property/dubai/damac-hills/ventura/
"DAMAC Hills - Ventura",https://www.bayut.com/to-rent/property/dubai/damac-hills/ventura/
"DAMAC Hills - Whitefield",https://www.bayut.com/for-sale/property/dubai/damac-hills/whitefield/
"DAMAC Hills - Whitefield",https://www.bayut.com/to-rent/property/dubai/damac-hills/whitefield/
"Arabian Ranches",https://www.bayut.com/for-sale/property/dubai/arabian-ranches/
"Arabian Ranches",https://www.bayut.com/to-rent/property/dubai/arabian-ranches/
"Arabian Ranches - Al Mahra",https://www.bayut.com/for-sale/property/dubai/arabian-ranches/al-mahra/
"Arabian Ranches - Al Mahra",https://www.bayut.com/to-rent/property/dubai/arabian-ranches/al-mahra/
"Arabian Ranches - Al Reem",https://www.bayut.com/for-sale/property/dubai/arabian-ranches/al-reem/
"Arabian Ranches - Al Reem",https://www.bayut.com/to-rent/property/dubai/arabian-ranches/al-reem/
"Arabian Ranches - Al Reem 1",https://www.bayut.com/for-sale/property/dubai/arabian-ranches/al-reem/al-reem-1/
"Arabian Ranches - Al Reem 1",https://www.bayut.com/to-rent/property/dubai/arabian-ranches/al-reem/al-reem-1/
"Arabian Ranches - Al Reem 2",https://www.bayut.com/for-sale/property/dubai/arabian-ranches/al-reem/al-reem-2/
"Arabian Ranches - Al Reem 2",https://www.bayut.com/to-rent/property/dubai/arabian-ranches/al-reem/al-reem-2/
"Arabian Ranches - Al Reem 3",https://www.bayut.com/for-sale/property/dubai/arabian-ranches/al-reem/al-reem-3/
"Arabian Ranches - Al Reem 3",https://www.bayut.com/to-rent/property/dubai/arabian-ranches/al-reem/al-reem-3/
"Arabian Ranches - Alvorada",https://www.bayut.com/for-sale/property/dubai/arabian-ranches/alvorada/
"Arabian Ranches - Alvorada",https://www.bayut.com/to-rent/property/dubai/arabian-ranches/alvorada/
"Arabian Ranches - Alvorada 1",https://www.bayut.com/for-sale/property/dubai/arabian-ranches/alvorada/alvorada-1/
"Arabian Ranches - Alvorada 1",https://www.bayut.com/to-rent/property/dubai/arabian-ranches/alvorada/alvorada-1/
"Arabian Ranches - Alvorada 2",https://www.bayut.com/for-sale/property/dubai/arabian-ranches/alvorada/alvorada-2/
"Arabian Ranches - Alvorada 2",https://www.bayut.com/to-rent/property/dubai/arabian-ranches/alvorada/alvorada-2/
"Arabian Ranches - Alvorada 3",https://www.bayut.com/for-sale/property/dubai/arabian-ranches/alvorada/alvorada-3/
"Arabian Ranches - Alvorada 3",https://www.bayut.com/to-rent/property/dubai/arabian-ranches/alvorada/alvorada-3/
"Arabian Ranches - Alvorada 4",https://www.bayut.com/for-sale/property/dubai/arabian-ranches/alvorada/alvorada-4/
"Arabian Ranches - Alvorada 4",https://www.bayut.com/to-rent/property/dubai/arabian-ranches/alvorada/alvorada-4/
"Arabian Ranches - Alma",https://www.bayut.com/for-sale/property/dubai/arabian-ranches/alma/
"Arabian Ranches - Alma",https://www.bayut.com/to-rent/property/dubai/arabian-ranches/alma/
"Arabian Ranches - Alma 1",https://www.bayut.com/for-sale/property/dubai/arabian-ranches/alma/alma-1/
"Arabian Ranches - Alma 1",https://www.bayut.com/to-rent/property/dubai/arabian-ranches/alma/alma-1/
"Arabian Ranches - Alma 2",https://www.bayut.com/for-sale/property/dubai/arabian-ranches/alma/alma-2/
"Arabian Ranches - Alma 2",https://www.bayut.com/to-rent/property/dubai/arabian-ranches/alma/alma-2/
"Arabian Ranches - Aseel",https://www.bayut.com/for-sale/property/dubai/arabian-ranches/aseel/
"Arabian Ranches - Aseel",https://www.bayut.com/to-rent/property/dubai/arabian-ranches/aseel/
"Arabian Ranches - Hattan",https://www.bayut.com/for-sale/property/dubai/arabian-ranches/hattan/
"Arabian Ranches - Hattan",https://www.bayut.com/to-rent/property/dubai/arabian-ranches/hattan/
"Arabian Ranches - Hattan 1",https://www.bayut.com/for-sale/property/dubai/arabian-ranches/hattan/hattan-1/
"Arabian Ranches - Hattan 1",https://www.bayut.com/to-rent/property/dubai/arabian-ranches/hattan/hattan-1/
"Arabian Ranches - Hattan 2",https://www.bayut.com/for-sale/property/dubai/arabian-ranches/hattan/hattan-2/
"Arabian Ranches - Hattan 2",https://www.bayut.com/to-rent/property/dubai/arabian-ranches/hattan/hattan-2/
"Arabian Ranches - Hattan 3",https://www.bayut.com/for-sale/property/dubai/arabian-ranches/hattan/hattan-3/
"Arabian Ranches - Hattan 3",https://www.bayut.com/to-rent/property/dubai/arabian-ranches/hattan/hattan-3/
"Arabian Ranches - La Avenida",https://www.bayut.com/for-sale/property/dubai/arabian-ranches/la-avenida/
"Arabian Ranches - La Avenida",https://www.bayut.com/to-rent/property/dubai/arabian-ranches/la-avenida/
"Arabian Ranches - La Avenida 1",https://www.bayut.com/for-sale/property/dubai/arabian-ranches/la-avenida/la-avenida-1/
"Arabian Ranches - La Avenida 1",https://www.bayut.com/to-rent/property/dubai/arabian-ranches/la-avenida/la-avenida-1/
"Arabian Ranches - La Avenida 2",https://www.bayut.com/for-sale/property/dubai/arabian-ranches/la-avenida/la-avenida-2/
"Arabian Ranches - La Avenida 2",https://www.bayut.com/to-rent/property/dubai/arabian-ranches/la-avenida/la-avenida-2/
"Arabian Ranches - Mirador",https://www.bayut.com/for-sale/property/dubai/arabian-ranches/mirador/
"Arabian Ranches - Mirador",https://www.bayut.com/to-rent/property/dubai/arabian-ranches/mirador/
"Arabian Ranches - Mirador La Coleccion",https://www.bayut.com/for-sale/property/dubai/arabian-ranches/mirador-la-coleccion/
"Arabian Ranches - Mirador La Coleccion",https://www.bayut.com/to-rent/property/dubai/arabian-ranches/mirador-la-coleccion/
"Arabian Ranches - Mirador La Coleccion 1",https://www.bayut.com/for-sale/property/dubai/arabian-ranches/mirador-la-coleccion/mirador-la-coleccion-1/
"Arabian Ranches - Mirador La Coleccion 1",https://www.bayut.com/to-rent/property/dubai/arabian-ranches/mirador-la-coleccion/mirador-la-coleccion-1/
"Arabian Ranches - Mirador La Coleccion 2",https://www.bayut.com/for-sale/property/dubai/arabian-ranches/mirador-la-coleccion/mirador-la-coleccion-2/
"Arabian Ranches - Mirador La Coleccion 2",https://www.bayut.com/to-rent/property/dubai/arabian-ranches/mirador-la-coleccion/mirador-la-coleccion-2/
"Arabian Ranches - Palmera",https://www.bayut.com/for-sale/property/dubai/arabian-ranches/palmera/
"Arabian Ranches - Palmera",https://www.bayut.com/to-rent/property/dubai/arabian-ranches/palmera/
"Arabian Ranches - Palmera 1",https://www.bayut.com/for-sale/property/dubai/arabian-ranches/palmera/palmera-1/
"Arabian Ranches - Palmera 1",https://www.bayut.com/to-rent/property/dubai/arabian-ranches/palmera/palmera-1/
"Arabian Ranches - Palmera 2",https://www.bayut.com/for-sale/property/dubai/arabian-ranches/palmera/palmera-2/
"Arabian Ranches - Palmera 2",https://www.bayut.com/to-rent/property/dubai/arabian-ranches/palmera/palmera-2/
"Arabian Ranches - Palmera 3",https://www.bayut.com/for-sale/property/dubai/arabian-ranches/palmera/palmera-3/
"Arabian Ranches - Palmera 3",https://www.bayut.com/to-rent/property/dubai/arabian-ranches/palmera/palmera-3/
"Arabian Ranches - Palmera 4",https://www.bayut.com/for-sale/property/dubai/arabian-ranches/palmera/palmera-4/
"Arabian Ranches - Palmera 4",https://www.bayut.com/to-rent/property/dubai/arabian-ranches/palmera/palmera-4/
"Arabian Ranches - Polo Homes",https://www.bayut.com/for-sale/property/dubai/arabian-ranches/polo-homes/
"Arabian Ranches - Polo Homes",https://www.bayut.com/to-rent/property/dubai/arabian-ranches/polo-homes/
"Arabian Ranches - Saheel",https://www.bayut.com/for-sale/property/dubai/arabian-ranches/saheel/
"Arabian Ranches - Saheel",https://www.bayut.com/to-rent/property/dubai/arabian-ranches/saheel/
"Arabian Ranches - Saheel 1",https://www.bayut.com/for-sale/property/dubai/arabian-ranches/saheel/saheel-1/
"Arabian Ranches - Saheel 1",https://www.bayut.com/to-rent/property/dubai/arabian-ranches/saheel/saheel-1/
"Arabian Ranches - Saheel 2",https://www.bayut.com/for-sale/property/dubai/arabian-ranches/saheel/saheel-2/
"Arabian Ranches - Saheel 2",https://www.bayut.com/to-rent/property/dubai/arabian-ranches/saheel/saheel-2/
"Arabian Ranches - Saheel 3",https://www.bayut.com/for-sale/property/dubai/arabian-ranches/saheel/saheel-3/
"Arabian Ranches - Saheel 3",https://www.bayut.com/to-rent/property/dubai/arabian-ranches/saheel/saheel-3/
"Arabian Ranches - Savannah",https://www.bayut.com/for-sale/property/dubai/arabian-ranches/savannah/
"Arabian Ranches - Savannah",https://www.bayut.com/to-rent/property/dubai/arabian-ranches/savannah/
"Arabian Ranches - Savannah 1",https://www.bayut.com/for-sale/property/dubai/arabian-ranches/savannah/savannah-1/
"Arabian Ranches - Savannah 1",https://www.bayut.com/to-rent/property/dubai/arabian-ranches/savannah/savannah-1/
"Arabian Ranches - Savannah 2",https://www.bayut.com/for-sale/property/dubai/arabian-ranches/savannah/savannah-2/
"Arabian Ranches - Savannah 2",https://www.bayut.com/to-rent/property/dubai/arabian-ranches/savannah/savannah-2/
"Arabian Ranches - Terra Nova",https://www.bayut.com/for-sale/property/dubai/arabian-ranches/terra-nova/
"Arabian Ranches - Terra Nova",https://www.bayut.com/to-rent/property/dubai/arabian-ranches/terra-nova/
"Arabian Ranches 2",https://www.bayut.com/for-sale/property/dubai/arabian-ranches-2/
"Arabian Ranches 2",https://www.bayut.com/to-rent/property/dubai/arabian-ranches-2/
"Arabian Ranches 2 - Azalea",https://www.bayut.com/for-sale/property/dubai/arabian-ranches-2/azalea/
"Arabian Ranches 2 - Azalea",https://www.bayut.com/to-rent/property/dubai/arabian-ranches-2/azalea/
"Arabian Ranches 2 - Camelia",https://www.bayut.com/for-sale/property/dubai/arabian-ranches-2/camelia/
"Arabian Ranches 2 - Camelia",https://www.bayut.com/to-rent/property/dubai/arabian-ranches-2/camelia/
"Arabian Ranches 2 - Casa",https://www.bayut.com/for-sale/property/dubai/arabian-ranches-2/casa/
"Arabian Ranches 2 - Casa",https://www.bayut.com/to-rent/property/dubai/arabian-ranches-2/casa/
"Arabian Ranches 2 - Lila",https://www.bayut.com/for-sale/property/dubai/arabian-ranches-2/lila/
"Arabian Ranches 2 - Lila",https://www.bayut.com/to-rent/property/dubai/arabian-ranches-2/lila/
"Arabian Ranches 2 - Palma",https://www.bayut.com/for-sale/property/dubai/arabian-ranches-2/palma/
"Arabian Ranches 2 - Palma",https://www.bayut.com/to-rent/property/dubai/arabian-ranches-2/palma/
"Arabian Ranches 2 - Rasha",https://www.bayut.com/for-sale/property/dubai/arabian-ranches-2/rasha/
"Arabian Ranches 2 - Rasha",https://www.bayut.com/to-rent/property/dubai/arabian-ranches-2/rasha/
"Arabian Ranches 2 - Reem",https://www.bayut.com/for-sale/property/dubai/arabian-ranches-2/reem/
"Arabian Ranches 2 - Reem",https://www.bayut.com/to-rent/property/dubai/arabian-ranches-2/reem/
"Arabian Ranches 2 - Rosa",https://www.bayut.com/for-sale/property/dubai/arabian-ranches-2/rosa/
"Arabian Ranches 2 - Rosa",https://www.bayut.com/to-rent/property/dubai/arabian-ranches-2/rosa/
"Arabian Ranches 2 - Samara",https://www.bayut.com/for-sale/property/dubai/arabian-ranches-2/samara/
"Arabian Ranches 2 - Samara",https://www.bayut.com/to-rent/property/dubai/arabian-ranches-2/samara/
"Arabian Ranches 2 - Yasmin",https://www.bayut.com/for-sale/property/dubai/arabian-ranches-2/yasmin/
"Arabian Ranches 2 - Yasmin",https://www.bayut.com/to-rent/property/dubai/arabian-ranches-2/yasmin/
"Arabian Ranches 3",https://www.bayut.com/for-sale/property/dubai/arabian-ranches-3/
"Arabian Ranches 3",https://www.bayut.com/to-rent/property/dubai/arabian-ranches-3/
"Arabian Ranches 3 - Anya",https://www.bayut.com/for-sale/property/dubai/arabian-ranches-3/anya/
"Arabian Ranches 3 - Anya",https://www.bayut.com/to-rent/property/dubai/arabian-ranches-3/anya/
"Arabian Ranches 3 - Anya 2",https://www.bayut.com/for-sale/property/dubai/arabian-ranches-3/anya-2/
"Arabian Ranches 3 - Anya 2",https://www.bayut.com/to-rent/property/dubai/arabian-ranches-3/anya-2/
"Arabian Ranches 3 - Bliss",https://www.bayut.com/for-sale/property/dubai/arabian-ranches-3/bliss/
"Arabian Ranches 3 - Bliss",https://www.bayut.com/to-rent/property/dubai/arabian-ranches-3/bliss/
"Arabian Ranches 3 - Bliss 2",https://www.bayut.com/for-sale/property/dubai/arabian-ranches-3/bliss-2/
"Arabian Ranches 3 - Bliss 2",https://www.bayut.com/to-rent/property/dubai/arabian-ranches-3/bliss-2/
"Arabian Ranches 3 - Caya",https://www.bayut.com/for-sale/property/dubai/arabian-ranches-3/caya/
"Arabian Ranches 3 - Caya",https://www.bayut.com/to-rent/property/dubai/arabian-ranches-3/caya/
"Arabian Ranches 3 - Elie Saab",https://www.bayut.com/for-sale/property/dubai/arabian-ranches-3/elie-saab/
"Arabian Ranches 3 - Elie Saab",https://www.bayut.com/to-rent/property/dubai/arabian-ranches-3/elie-saab/
"Arabian Ranches 3 - Elie Saab 1",https://www.bayut.com/for-sale/property/dubai/arabian-ranches-3/elie-saab/elie-saab-1/
"Arabian Ranches 3 - Elie Saab 1",https://www.bayut.com/to-rent/property/dubai/arabian-ranches-3/elie-saab/elie-saab-1/
"Arabian Ranches 3 - Elie Saab 2",https://www.bayut.com/for-sale/property/dubai/arabian-ranches-3/elie-saab/elie-saab-2/
"Arabian Ranches 3 - Elie Saab 2",https://www.bayut.com/to-rent/property/dubai/arabian-ranches-3/elie-saab/elie-saab-2/
"Arabian Ranches 3 - Joy",https://www.bayut.com/for-sale/property/dubai/arabian-ranches-3/joy/
"Arabian Ranches 3 - Joy",https://www.bayut.com/to-rent/property/dubai/arabian-ranches-3/joy/
"Arabian Ranches 3 - June",https://www.bayut.com/for-sale/property/dubai/arabian-ranches-3/june/
"Arabian Ranches 3 - June",https://www.bayut.com/to-rent/property/dubai/arabian-ranches-3/june/
"Arabian Ranches 3 - May",https://www.bayut.com/for-sale/property/dubai/arabian-ranches-3/may/
"Arabian Ranches 3 - May",https://www.bayut.com/to-rent/property/dubai/arabian-ranches-3/may/
"Arabian Ranches 3 - Raya",https://www.bayut.com/for-sale/property/dubai/arabian-ranches-3/raya/
"Arabian Ranches 3 - Raya",https://www.bayut.com/to-rent/property/dubai/arabian-ranches-3/raya/
"Arabian Ranches 3 - Ruba",https://www.bayut.com/for-sale/property/dubai/arabian-ranches-3/ruba/
"Arabian Ranches 3 - Ruba",https://www.bayut.com/to-rent/property/dubai/arabian-ranches-3/ruba/
"Arabian Ranches 3 - Spring",https://www.bayut.com/for-sale/property/dubai/arabian-ranches-3/spring/
"Arabian Ranches 3 - Spring",https://www.bayut.com/to-rent/property/dubai/arabian-ranches-3/spring/
"Arabian Ranches 3 - Sun",https://www.bayut.com/for-sale/property/dubai/arabian-ranches-3/sun/
"Arabian Ranches 3 - Sun",https://www.bayut.com/to-rent/property/dubai/arabian-ranches-3/sun/
"Mudon",https://www.bayut.com/for-sale/property/dubai/mudon/
"Mudon",https://www.bayut.com/to-rent/property/dubai/mudon/
"Mudon - Al Salam",https://www.bayut.com/for-sale/property/dubai/mudon/al-salam/
"Mudon - Al Salam",https://www.bayut.com/to-rent/property/dubai/mudon/al-salam/
"Mudon - Arabella Townhouses",https://www.bayut.com/for-sale/property/dubai/mudon/arabella-townhouses/
"Mudon - Arabella Townhouses",https://www.bayut.com/to-rent/property/dubai/mudon/arabella-townhouses/
"Mudon - Arabella 1",https://www.bayut.com/for-sale/property/dubai/mudon/arabella-townhouses/arabella-1/
"Mudon - Arabella 1",https://www.bayut.com/to-rent/property/dubai/mudon/arabella-townhouses/arabella-1/
"Mudon - Arabella 2",https://www.bayut.com/for-sale/property/dubai/mudon/arabella-townhouses/arabella-2/
"Mudon - Arabella 2",https://www.bayut.com/to-rent/property/dubai/mudon/arabella-townhouses/arabella-2/
"Mudon - Arabella 3",https://www.bayut.com/for-sale/property/dubai/mudon/arabella-townhouses/arabella-3/
"Mudon - Arabella 3",https://www.bayut.com/to-rent/property/dubai/mudon/arabella-townhouses/arabella-3/
"Mudon - Mudon Al Ranim",https://www.bayut.com/for-sale/property/dubai/mudon/mudon-al-ranim/
"Mudon - Mudon Al Ranim",https://www.bayut.com/to-rent/property/dubai/mudon/mudon-al-ranim/
"Mudon - Mudon Al Ranim 1",https://www.bayut.com/for-sale/property/dubai/mudon/mudon-al-ranim/mudon-al-ranim-1/
"Mudon - Mudon Al Ranim 1",https://www.bayut.com/to-rent/property/dubai/mudon/mudon-al-ranim/mudon-al-ranim-1/
"Mudon - Mudon Al Ranim 2",https://www.bayut.com/for-sale/property/dubai/mudon/mudon-al-ranim/mudon-al-ranim-2/
"Mudon - Mudon Al Ranim 2",https://www.bayut.com/to-rent/property/dubai/mudon/mudon-al-ranim/mudon-al-ranim-2/
"Mudon - Mudon Al Ranim 3",https://www.bayut.com/for-sale/property/dubai/mudon/mudon-al-ranim/mudon-al-ranim-3/
"Mudon - Mudon Al Ranim 3",https://www.bayut.com/to-rent/property/dubai/mudon/mudon-al-ranim/mudon-al-ranim-3/
"Mudon - Mudon Al Ranim 4",https://www.bayut.com/for-sale/property/dubai/mudon/mudon-al-ranim/mudon-al-ranim-4/
"Mudon - Mudon Al Ranim 4",https://www.bayut.com/to-rent/property/dubai/mudon/mudon-al-ranim/mudon-al-ranim-4/
"Mudon - Mudon Al Ranim 5",https://www.bayut.com/for-sale/property/dubai/mudon/mudon-al-ranim/mudon-al-ranim-5/
"Mudon - Mudon Al Ranim 5",https://www.bayut.com/to-rent/property/dubai/mudon/mudon-al-ranim/mudon-al-ranim-5/
"Mudon - Mudon Al Ranim 6",https://www.bayut.com/for-sale/property/dubai/mudon/mudon-al-ranim/mudon-al-ranim-6/
"Mudon - Mudon Al Ranim 6",https://www.bayut.com/to-rent/property/dubai/mudon/mudon-al-ranim/mudon-al-ranim-6/
"Mudon - Mudon Al Ranim 7",https://www.bayut.com/for-sale/property/dubai/mudon/mudon-al-ranim/mudon-al-ranim-7/
"Mudon - Mudon Al Ranim 7",https://www.bayut.com/to-rent/property/dubai/mudon/mudon-al-ranim/mudon-al-ranim-7/
"Mudon - Mudon Al Ranim 8",https://www.bayut.com/for-sale/property/dubai/mudon/mudon-al-ranim/mudon-al-ranim-8/
"Mudon - Mudon Al Ranim 8",https://www.bayut.com/to-rent/property/dubai/mudon/mudon-al-ranim/mudon-al-ranim-8/
"Mudon - Naseem",https://www.bayut.com/for-sale/property/dubai/mudon/naseem/
"Mudon - Naseem",https://www.bayut.com/to-rent/property/dubai/mudon/naseem/
"Mudon - Rahat",https://www.bayut.com/for-sale/property/dubai/mudon/rahat/
"Mudon - Rahat",https://www.bayut.com/to-rent/property/dubai/mudon/rahat/
"Tilal Al Ghaf",https://www.bayut.com/for-sale/property/dubai/tilal-al-ghaf/
"Tilal Al Ghaf",https://www.bayut.com/to-rent/property/dubai/tilal-al-ghaf/
"Tilal Al Ghaf - Harmony",https://www.bayut.com/for-sale/property/dubai/tilal-al-ghaf/harmony/
"Tilal Al Ghaf - Harmony",https://www.bayut.com/to-rent/property/dubai/tilal-al-ghaf/harmony/
"Tilal Al Ghaf - Harmony 1",https://www.bayut.com/for-sale/property/dubai/tilal-al-ghaf/harmony/harmony-1/
"Tilal Al Ghaf - Harmony 1",https://www.bayut.com/to-rent/property/dubai/tilal-al-ghaf/harmony/harmony-1/
"Tilal Al Ghaf - Harmony 2",https://www.bayut.com/for-sale/property/dubai/tilal-al-ghaf/harmony/harmony-2/
"Tilal Al Ghaf - Harmony 2",https://www.bayut.com/to-rent/property/dubai/tilal-al-ghaf/harmony/harmony-2/
"Tilal Al Ghaf - Harmony 3",https://www.bayut.com/for-sale/property/dubai/tilal-al-ghaf/harmony/harmony-3/
"Tilal Al Ghaf - Harmony 3",https://www.bayut.com/to-rent/property/dubai/tilal-al-ghaf/harmony/harmony-3/
"Tilal Al Ghaf - Elan",https://www.bayut.com/for-sale/property/dubai/tilal-al-ghaf/elan/
"Tilal Al Ghaf - Elan",https://www.bayut.com/to-rent/property/dubai/tilal-al-ghaf/elan/
"Tilal Al Ghaf - Aura Gardens",https://www.bayut.com/for-sale/property/dubai/tilal-al-ghaf/aura-gardens/
"Tilal Al Ghaf - Aura Gardens",https://www.bayut.com/to-rent/property/dubai/tilal-al-ghaf/aura-gardens/
"Dubai Hills Estate",https://www.bayut.com/for-sale/property/dubai/dubai-hills-estate/
"Dubai Hills Estate",https://www.bayut.com/to-rent/property/dubai/dubai-hills-estate/
"Dubai Hills Estate - Maple",https://www.bayut.com/for-sale/property/dubai/dubai-hills-estate/maple/
"Dubai Hills Estate - Maple",https://www.bayut.com/to-rent/property/dubai/dubai-hills-estate/maple/
"Dubai Hills Estate - Maple 1",https://www.bayut.com/for-sale/property/dubai/dubai-hills-estate/maple/maple-1/
"Dubai Hills Estate - Maple 1",https://www.bayut.com/to-rent/property/dubai/dubai-hills-estate/maple/maple-1/
"Dubai Hills Estate - Maple 2",https://www.bayut.com/for-sale/property/dubai/dubai-hills-estate/maple/maple-2/
"Dubai Hills Estate - Maple 2",https://www.bayut.com/to-rent/property/dubai/dubai-hills-estate/maple/maple-2/
"Dubai Hills Estate - Maple 3",https://www.bayut.com/for-sale/property/dubai/dubai-hills-estate/maple/maple-3/
"Dubai Hills Estate - Maple 3",https://www.bayut.com/to-rent/property/dubai/dubai-hills-estate/maple/maple-3/
"Dubai Hills Estate - Sidra Villas",https://www.bayut.com/for-sale/property/dubai/dubai-hills-estate/sidra-villas/
"Dubai Hills Estate - Sidra Villas",https://www.bayut.com/to-rent/property/dubai/dubai-hills-estate/sidra-villas/
"Dubai Hills Estate - Sidra 1",https://www.bayut.com/for-sale/property/dubai/dubai-hills-estate/sidra-villas/sidra-1/
"Dubai Hills Estate - Sidra 1",https://www.bayut.com/to-rent/property/dubai/dubai-hills-estate/sidra-villas/sidra-1/
"Dubai Hills Estate - Sidra 2",https://www.bayut.com/for-sale/property/dubai/dubai-hills-estate/sidra-villas/sidra-2/
"Dubai Hills Estate - Sidra 2",https://www.bayut.com/to-rent/property/dubai/dubai-hills-estate/sidra-villas/sidra-2/
"Dubai Hills Estate - Sidra 3",https://www.bayut.com/for-sale/property/dubai/dubai-hills-estate/sidra-villas/sidra-3/
"Dubai Hills Estate - Sidra 3",https://www.bayut.com/to-rent/property/dubai/dubai-hills-estate/sidra-villas/sidra-3/
"Dubai Hills Estate - Golf Place",https://www.bayut.com/for-sale/property/dubai/dubai-hills-estate/golf-place/
"Dubai Hills Estate - Golf Place",https://www.bayut.com/to-rent/property/dubai/dubai-hills-estate/golf-place/
"Dubai Hills Estate - Golf Place 1",https://www.bayut.com/for-sale/property/dubai/dubai-hills-estate/golf-place/golf-place-1/
"Dubai Hills Estate - Golf Place 1",https://www.bayut.com/to-rent/property/dubai/dubai-hills-estate/golf-place/golf-place-1/
"Dubai Hills Estate - Golf Place 2",https://www.bayut.com/for-sale/property/dubai/dubai-hills-estate/golf-place/golf-place-2/
"Dubai Hills Estate - Golf Place 2",https://www.bayut.com/to-rent/property/dubai/dubai-hills-estate/golf-place/golf-place-2/
"Dubai Hills Estate - Golf Place Terraces",https://www.bayut.com/for-sale/property/dubai/dubai-hills-estate/golf-place-terraces/
"Dubai Hills Estate - Golf Place Terraces",https://www.bayut.com/to-rent/property/dubai/dubai-hills-estate/golf-place-terraces/
"Dubai Hills Estate - Golf Grove",https://www.bayut.com/for-sale/property/dubai/dubai-hills-estate/golf-grove/
"Dubai Hills Estate - Golf Grove",https://www.bayut.com/to-rent/property/dubai/dubai-hills-estate/golf-grove/
"Dubai Hills Estate - Club Villas",https://www.bayut.com/for-sale/property/dubai/dubai-hills-estate/club-villas/
"Dubai Hills Estate - Club Villas",https://www.bayut.com/to-rent/property/dubai/dubai-hills-estate/club-villas/
"Dubai Hills Estate - Fairway Vistas",https://www.bayut.com/for-sale/property/dubai/dubai-hills-estate/fairway-vistas/
"Dubai Hills Estate - Fairway Vistas",https://www.bayut.com/to-rent/property/dubai/dubai-hills-estate/fairway-vistas/
"Dubai Hills Estate - Parkway Vistas",https://www.bayut.com/for-sale/property/dubai/dubai-hills-estate/parkway-vistas/
"Dubai Hills Estate - Parkway Vistas",https://www.bayut.com/to-rent/property/dubai/dubai-hills-estate/parkway-vistas/
"Dubai Hills Estate - Majestic Vistas",https://www.bayut.com/for-sale/property/dubai/dubai-hills-estate/majestic-vistas/
"Dubai Hills Estate - Majestic Vistas",https://www.bayut.com/to-rent/property/dubai/dubai-hills-estate/majestic-vistas/
"Dubai Hills Estate - Emerald Hills",https://www.bayut.com/for-sale/property/dubai/dubai-hills-estate/emerald-hills/
"Dubai Hills Estate - Emerald Hills",https://www.bayut.com/to-rent/property/dubai/dubai-hills-estate/emerald-hills/
"Villanova",https://www.bayut.com/for-sale/property/dubai/dubailand/villanova/
"Villanova",https://www.bayut.com/to-rent/property/dubai/dubailand/villanova/
"Villanova - Amaranta",https://www.bayut.com/for-sale/property/dubai/dubailand/villanova/amaranta/
"Villanova - Amaranta",https://www.bayut.com/to-rent/property/dubai/dubailand/villanova/amaranta/
"Villanova - Amaranta 1",https://www.bayut.com/for-sale/property/dubai/dubailand/villanova/amaranta/amaranta-1/
"Villanova - Amaranta 1",https://www.bayut.com/to-rent/property/dubai/dubailand/villanova/amaranta/amaranta-1/
"Villanova - Amaranta 2",https://www.bayut.com/for-sale/property/dubai/dubailand/villanova/amaranta/amaranta-2/
"Villanova - Amaranta 2",https://www.bayut.com/to-rent/property/dubai/dubailand/villanova/amaranta/amaranta-2/
"Villanova - Amaranta 3",https://www.bayut.com/for-sale/property/dubai/dubailand/villanova/amaranta/amaranta-3/
"Villanova - Amaranta 3",https://www.bayut.com/to-rent/property/dubai/dubailand/villanova/amaranta/amaranta-3/
"Villanova - Amaranta 4",https://www.bayut.com/for-sale/property/dubai/dubailand/villanova/amaranta/amaranta-4/
"Villanova - Amaranta 4",https://www.bayut.com/to-rent/property/dubai/dubailand/villanova/amaranta/amaranta-4/
"Villanova - La Quinta",https://www.bayut.com/for-sale/property/dubai/dubailand/villanova/la-quinta/
"Villanova - La Quinta",https://www.bayut.com/to-rent/property/dubai/dubailand/villanova/la-quinta/
"Villanova - La Rosa",https://www.bayut.com/for-sale/property/dubai/dubailand/villanova/la-rosa/
"Villanova - La Rosa",https://www.bayut.com/to-rent/property/dubai/dubailand/villanova/la-rosa/
"Villanova - La Rosa 1",https://www.bayut.com/for-sale/property/dubai/dubailand/villanova/la-rosa/la-rosa-1/
"Villanova - La Rosa 1",https://www.bayut.com/to-rent/property/dubai/dubailand/villanova/la-rosa/la-rosa-1/
"Villanova - La Rosa 2",https://www.bayut.com/for-sale/property/dubai/dubailand/villanova/la-rosa/la-rosa-2/
"Villanova - La Rosa 2",https://www.bayut.com/to-rent/property/dubai/dubailand/villanova/la-rosa/la-rosa-2/
"Villanova - La Rosa 3",https://www.bayut.com/for-sale/property/dubai/dubailand/villanova/la-rosa/la-rosa-3/
"Villanova - La Rosa 3",https://www.bayut.com/to-rent/property/dubai/dubailand/villanova/la-rosa/la-rosa-3/
"Villanova - La Rosa 4",https://www.bayut.com/for-sale/property/dubai/dubailand/villanova/la-rosa/la-rosa-4/
"Villanova - La Rosa 4",https://www.bayut.com/to-rent/property/dubai/dubailand/villanova/la-rosa/la-rosa-4/
"Villanova - La Rosa 5",https://www.bayut.com/for-sale/property/dubai/dubailand/villanova/la-rosa/la-rosa-5/
"Villanova - La Rosa 5",https://www.bayut.com/to-rent/property/dubai/dubailand/villanova/la-rosa/la-rosa-5/
"Villanova - La Rosa 6",https://www.bayut.com/for-sale/property/dubai/dubailand/villanova/la-rosa/la-rosa-6/
"Villanova - La Rosa 6",https://www.bayut.com/to-rent/property/dubai/dubailand/villanova/la-rosa/la-rosa-6/
"Villanova - La Tilia",https://www.bayut.com/for-sale/property/dubai/dubailand/villanova/la-tilia/
"Villanova - La Tilia",https://www.bayut.com/to-rent/property/dubai/dubailand/villanova/la-tilia/
"Villanova - La Violeta",https://www.bayut.com/for-sale/property/dubai/dubailand/villanova/la-violeta/
"Villanova - La Violeta",https://www.bayut.com/to-rent/property/dubai/dubailand/villanova/la-violeta/
"Villanova - La Violeta 1",https://www.bayut.com/for-sale/property/dubai/dubailand/villanova/la-violeta/la-violeta-1/
"Villanova - La Violeta 1",https://www.bayut.com/to-rent/property/dubai/dubailand/villanova/la-violeta/la-violeta-1/
"Villanova - La Violeta 2",https://www.bayut.com/for-sale/property/dubai/dubailand/villanova/la-violeta/la-violeta-2/
"Villanova - La Violeta 2",https://www.bayut.com/to-rent/property/dubai/dubailand/villanova/la-violeta/la-violeta-2/
"Villanova - The Aldea",https://www.bayut.com/for-sale/property/dubai/dubailand/villanova/the-aldea/
"Villanova - The Aldea",https://www.bayut.com/to-rent/property/dubai/dubailand/villanova/the-aldea/
